Record Length,2.500000e+03,,   0.000000000000,  -0.80000,
Sample Interval,4.000000e-02,,   0.040000000000,   0.80000,
Trigger Point,0.000000000000e+00,,   0.080000000000,  -4.80000,
,,,   0.120000000000,  35.60000,
,,,   0.160000000000,  -0.80000,
,,,   0.200000000000,   1.20000,
Source,CH1,,   0.240000000000,  -0.80000,
Vertical Units,V,,   0.280000000000,   1.20000,
Vertical Scale,1.000000e+01,,   0.320000000000,  -0.80000,
Vertical Offset,-2.120000e+01,,   0.360000000000,   1.20000,
Horizontal Units,s,,   0.400000000000,  -0.80000,
Horizontal Scale,1.000000e+01,,   0.440000000000,   1.20000,
Pt Fmt,ENV,,   0.480000000000,  -0.80000,
Yzero,0.000000e+00,,   0.520000000000,   0.80000,
Probe Atten,1.000000e+01,,   0.560000000000,  -0.80000,
Model Number,TBS1104,,   0.600000000000,   1.20000,
Serial Number,C011444,,   0.640000000000,  -0.80000,
Firmware Version,FV:v26.05,,   0.680000000000,   1.20000,
,,,0.720000000000,  -0.80000,
,,,0.760000000000,   1.20000,
,,,0.800000000000,  -0.80000,
,,,0.840000000000,   1.20000,
,,,0.880000000000,  -0.80000,
,,,0.920000000000,   1.20000,
,,,0.960000000000,  -0.80000,
,,,1.000000000000,   1.20000,
,,,1.040000000000,  -0.80000,
,,,1.080000000000,   1.20000,
,,,1.120000000000,  -0.80000,
,,,1.160000000000,   1.20000,
,,,1.200000000000,  -0.80000,
,,,1.240000000000,   1.20000,
,,,1.280000000000,  -0.80000,
,,,1.320000000000,   0.80000,
,,,1.360000000000,  -0.80000,
,,,1.400000000000,   1.20000,
,,,1.440000000000,  -0.80000,
,,,1.480000000000,   1.20000,
,,,1.520000000000,  -0.80000,
,,,1.560000000000,   1.20000,
,,,1.600000000000,  -0.80000,
,,,1.640000000000,   1.20000,
,,,1.680000000000,  -0.80000,
,,,1.720000000000,   1.20000,
,,,1.760000000000,  -0.80000,
,,,1.800000000000,   1.20000,
,,,1.840000000000,  -0.80000,
,,,1.880000000000,   0.80000,
,,,1.920000000000,  -0.80000,
,,,1.960000000000,   1.20000,
,,,2.000000000000,  -0.80000,
,,,2.040000000000,   0.80000,
,,,2.080000000000,  -0.80000,
,,,2.120000000000,   1.20000,
,,,2.160000000000,  -0.80000,
,,,2.200000000000,   1.20000,
,,,2.240000000000,  -0.80000,
,,,2.280000000000,   1.20000,
,,,2.320000000000,  -0.80000,
,,,2.360000000000,   1.20000,
,,,2.400000000000,  -0.80000,
,,,2.440000000000,   1.20000,
,,,2.480000000000,  -0.80000,
,,,2.520000000000,   0.80000,
,,,2.560000000000,  -0.80000,
,,,2.600000000000,   0.80000,
,,,2.640000000000,  -0.80000,
,,,2.680000000000,   1.20000,
,,,2.720000000000,  -0.80000,
,,,2.760000000000,   0.80000,
,,,2.800000000000,  -0.80000,
,,,2.840000000000,   1.20000,
,,,2.880000000000,  -0.80000,
,,,2.920000000000,   0.80000,
,,,2.960000000000,  -0.80000,
,,,3.000000000000,   0.80000,
,,,3.040000000000,  -0.80000,
,,,3.080000000000,   1.20000,
,,,3.120000000000,  -0.80000,
,,,3.160000000000,   0.80000,
,,,3.200000000000,  -0.80000,
,,,3.240000000000,   1.20000,
,,,3.280000000000,  -0.80000,
,,,3.320000000000,   1.20000,
,,,3.360000000000,  -0.80000,
,,,3.400000000000,   1.20000,
,,,3.440000000000,  -0.80000,
,,,3.480000000000,   0.80000,
,,,3.520000000000,  -0.80000,
,,,3.560000000000,   1.20000,
,,,3.600000000000,  -0.80000,
,,,3.640000000000,   1.20000,
,,,3.680000000000,  -0.80000,
,,,3.720000000000,   1.20000,
,,,3.760000000000,  -0.80000,
,,,3.800000000000,   0.80000,
,,,3.840000000000,  -0.80000,
,,,3.880000000000,   1.20000,
,,,3.920000000000,  -0.80000,
,,,3.960000000000,   0.80000,
,,,4.000000000000,  -0.80000,
,,,4.040000000000,   0.80000,
,,,4.080000000000,  -0.80000,
,,,4.120000000000,   0.80000,
,,,4.160000000000,  -0.80000,
,,,4.200000000000,   0.80000,
,,,4.240000000000,  -0.80000,
,,,4.280000000000,   1.20000,
,,,4.320000000000,  -0.80000,
,,,4.360000000000,   0.80000,
,,,4.400000000000,  -0.80000,
,,,4.440000000000,   1.20000,
,,,4.480000000000,  -0.80000,
,,,4.520000000000,   1.20000,
,,,4.560000000000,  -0.80000,
,,,4.600000000000,   1.20000,
,,,4.640000000000, -30.00000,
,,,4.680000000000, -30.00000,
,,,4.720000000000, -30.00000,
,,,4.760000000000, -30.00000,
,,,4.800000000000, -30.00000,
,,,4.840000000000, -30.00000,
,,,4.880000000000, -30.00000,
,,,4.920000000000, -30.00000,
,,,4.960000000000, -30.00000,
,,,5.000000000000, -30.00000,
,,,5.040000000000, -30.00000,
,,,5.080000000000, -30.00000,
,,,5.120000000000, -30.00000,
,,,5.160000000000, -30.00000,
,,,5.200000000000, -30.00000,
,,,5.240000000000, -30.00000,
,,,5.280000000000, -30.00000,
,,,5.320000000000, -30.00000,
,,,5.360000000000, -30.00000,
,,,5.400000000000, -30.00000,
,,,5.440000000000, -30.00000,
,,,5.480000000000, -30.00000,
,,,5.520000000000, -30.00000,
,,,5.560000000000, -30.00000,
,,,5.600000000000, -30.00000,
,,,5.640000000000, -30.00000,
,,,5.680000000000, -30.00000,
,,,5.720000000000, -30.00000,
,,,5.760000000000, -30.00000,
,,,5.800000000000, -30.00000,
,,,5.840000000000, -30.00000,
,,,5.880000000000, -30.00000,
,,,5.920000000000, -30.00000,
,,,5.960000000000, -30.00000,
,,,6.000000000000, -30.00000,
,,,6.040000000000, -30.00000,
,,,6.080000000000, -30.00000,
,,,6.120000000000, -30.00000,
,,,6.160000000000, -30.00000,
,,,6.200000000000, -30.00000,
,,,6.240000000000, -30.00000,
,,,6.280000000000, -30.00000,
,,,6.320000000000, -30.00000,
,,,6.360000000000, -30.00000,
,,,6.400000000000, -30.00000,
,,,6.440000000000, -30.00000,
,,,6.480000000000, -30.00000,
,,,6.520000000000, -30.00000,
,,,6.560000000000, -30.00000,
,,,6.600000000000, -30.00000,
,,,6.640000000000, -30.00000,
,,,6.680000000000, -30.00000,
,,,6.720000000000, -30.00000,
,,,6.760000000000, -30.00000,
,,,6.800000000000, -30.00000,
,,,6.840000000000, -30.00000,
,,,6.880000000000, -30.00000,
,,,6.920000000000, -30.00000,
,,,6.960000000000, -30.00000,
,,,7.000000000000, -30.00000,
,,,7.040000000000, -30.00000,
,,,7.080000000000, -30.00000,
,,,7.120000000000, -30.00000,
,,,7.160000000000, -30.00000,
,,,7.200000000000, -30.00000,
,,,7.240000000000, -30.00000,
,,,7.280000000000, -30.00000,
,,,7.320000000000, -30.00000,
,,,7.360000000000, -30.00000,
,,,7.400000000000, -30.00000,
,,,7.440000000000, -30.00000,
,,,7.480000000000, -30.00000,
,,,7.520000000000, -30.00000,
,,,7.560000000000, -30.00000,
,,,7.600000000000, -30.00000,
,,,7.640000000000, -30.00000,
,,,7.680000000000, -30.00000,
,,,7.720000000000, -30.00000,
,,,7.760000000000, -30.00000,
,,,7.800000000000, -30.00000,
,,,7.840000000000, -30.00000,
,,,7.880000000000, -30.00000,
,,,7.920000000000, -30.00000,
,,,7.960000000000, -30.00000,
,,,8.000000000000, -30.00000,
,,,8.040000000000, -30.00000,
,,,8.080000000000, -30.00000,
,,,8.120000000000, -30.00000,
,,,8.160000000000, -30.00000,
,,,8.200000000000, -30.00000,
,,,8.240000000000, -30.00000,
,,,8.280000000000, -30.00000,
,,,8.320000000000, -30.00000,
,,,8.360000000000, -30.00000,
,,,8.400000000000, -30.00000,
,,,8.440000000000, -30.00000,
,,,8.480000000000, -30.00000,
,,,8.520000000000, -30.00000,
,,,8.560000000000, -30.00000,
,,,8.600000000000, -30.00000,
,,,8.640000000000, -30.00000,
,,,8.680000000000, -30.00000,
,,,8.720000000000, -30.00000,
,,,8.760000000000, -30.00000,
,,,8.800000000000, -30.00000,
,,,8.840000000000, -30.00000,
,,,8.880000000000, -30.00000,
,,,8.920000000000, -30.00000,
,,,8.960000000000, -30.00000,
,,,9.000000000000, -30.00000,
,,,9.040000000000, -30.00000,
,,,9.080000000000, -30.00000,
,,,9.120000000000, -30.00000,
,,,9.160000000000, -30.00000,
,,,9.200000000000, -30.00000,
,,,9.240000000000, -30.00000,
,,,9.280000000000, -30.00000,
,,,9.320000000000, -30.00000,
,,,9.360000000000, -30.00000,
,,,9.400000000000, -30.00000,
,,,9.440000000000, -30.00000,
,,,9.480000000000, -30.00000,
,,,9.520000000000, -30.00000,
,,,9.560000000000, -30.00000,
,,,9.600000000000, -30.00000,
,,,9.640000000000, -30.00000,
,,,9.680000000000, -30.00000,
,,,9.720000000000, -30.00000,
,,,9.760000000000, -30.00000,
,,,9.800000000000, -30.00000,
,,,9.840000000000, -30.00000,
,,,9.880000000000, -30.00000,
,,,9.920000000000, -30.00000,
,,,9.960000000000, -30.00000,
,,,10.000000000000, -30.00000,
,,,10.040000000000, -30.00000,
,,,10.080000000000, -30.00000,
,,,10.120000000000, -30.00000,
,,,10.160000000000, -30.00000,
,,,10.200000000000, -30.00000,
,,,10.240000000000, -30.00000,
,,,10.280000000000, -30.00000,
,,,10.320000000000, -30.00000,
,,,10.360000000000, -30.00000,
,,,10.400000000000, -30.00000,
,,,10.440000000000, -30.00000,
,,,10.480000000000, -30.00000,
,,,10.520000000000, -30.00000,
,,,10.560000000000, -30.00000,
,,,10.600000000000, -30.00000,
,,,10.640000000000, -30.00000,
,,,10.680000000000, -30.00000,
,,,10.720000000000, -30.00000,
,,,10.760000000000, -30.00000,
,,,10.800000000000, -30.00000,
,,,10.840000000000, -30.00000,
,,,10.880000000000, -30.00000,
,,,10.920000000000, -30.00000,
,,,10.960000000000, -30.00000,
,,,11.000000000000, -30.00000,
,,,11.040000000000, -30.00000,
,,,11.080000000000, -30.00000,
,,,11.120000000000, -30.00000,
,,,11.160000000000, -30.00000,
,,,11.200000000000, -30.00000,
,,,11.240000000000, -30.00000,
,,,11.280000000000, -30.00000,
,,,11.320000000000, -30.00000,
,,,11.360000000000, -30.00000,
,,,11.400000000000, -30.00000,
,,,11.440000000000, -30.00000,
,,,11.480000000000, -30.00000,
,,,11.520000000000, -30.00000,
,,,11.560000000000, -30.00000,
,,,11.600000000000, -30.00000,
,,,11.640000000000, -30.00000,
,,,11.680000000000, -30.00000,
,,,11.720000000000, -30.00000,
,,,11.760000000000, -30.00000,
,,,11.800000000000, -30.00000,
,,,11.840000000000, -30.00000,
,,,11.880000000000, -30.00000,
,,,11.920000000000, -30.00000,
,,,11.960000000000, -30.00000,
,,,12.000000000000, -30.00000,
,,,12.040000000000, -30.00000,
,,,12.080000000000, -30.00000,
,,,12.120000000000, -30.00000,
,,,12.160000000000, -30.00000,
,,,12.200000000000, -30.00000,
,,,12.240000000000, -30.00000,
,,,12.280000000000, -30.00000,
,,,12.320000000000, -30.00000,
,,,12.360000000000, -30.00000,
,,,12.400000000000, -30.00000,
,,,12.440000000000, -30.00000,
,,,12.480000000000, -30.00000,
,,,12.520000000000, -30.00000,
,,,12.560000000000, -30.00000,
,,,12.600000000000, -30.00000,
,,,12.640000000000, -30.00000,
,,,12.680000000000, -30.00000,
,,,12.720000000000, -30.00000,
,,,12.760000000000, -30.00000,
,,,12.800000000000, -30.00000,
,,,12.840000000000, -30.00000,
,,,12.880000000000, -30.00000,
,,,12.920000000000, -30.00000,
,,,12.960000000000, -30.00000,
,,,13.000000000000, -30.00000,
,,,13.040000000000, -30.00000,
,,,13.080000000000, -30.00000,
,,,13.120000000000, -30.00000,
,,,13.160000000000, -30.00000,
,,,13.200000000000, -30.00000,
,,,13.240000000000, -30.00000,
,,,13.280000000000, -30.00000,
,,,13.320000000000, -30.00000,
,,,13.360000000000, -30.00000,
,,,13.400000000000, -30.00000,
,,,13.440000000000, -30.00000,
,,,13.480000000000, -30.00000,
,,,13.520000000000, -30.00000,
,,,13.560000000000, -30.00000,
,,,13.600000000000, -30.00000,
,,,13.640000000000, -30.00000,
,,,13.680000000000, -30.00000,
,,,13.720000000000, -30.00000,
,,,13.760000000000, -30.00000,
,,,13.800000000000, -30.00000,
,,,13.840000000000, -30.00000,
,,,13.880000000000, -30.00000,
,,,13.920000000000, -30.00000,
,,,13.960000000000, -30.00000,
,,,14.000000000000, -30.00000,
,,,14.040000000000, -30.00000,
,,,14.080000000000, -30.00000,
,,,14.120000000000, -30.00000,
,,,14.160000000000, -30.00000,
,,,14.200000000000, -30.00000,
,,,14.240000000000, -30.00000,
,,,14.280000000000, -30.00000,
,,,14.320000000000, -30.00000,
,,,14.360000000000, -30.00000,
,,,14.400000000000, -30.00000,
,,,14.440000000000, -30.00000,
,,,14.480000000000, -30.00000,
,,,14.520000000000, -30.00000,
,,,14.560000000000, -30.00000,
,,,14.600000000000, -30.00000,
,,,14.640000000000,  -0.80000,
,,,14.680000000000,   1.20000,
,,,14.720000000000,  -0.80000,
,,,14.760000000000,   1.20000,
,,,14.800000000000,  -0.80000,
,,,14.840000000000,   1.20000,
,,,14.880000000000,  -0.80000,
,,,14.920000000000,   1.20000,
,,,14.960000000000,  -0.80000,
,,,15.000000000000,   1.20000,
,,,15.040000000000,  -0.80000,
,,,15.080000000000,   1.20000,
,,,15.120000000000,  -0.80000,
,,,15.160000000000,   1.20000,
,,,15.200000000000,  -0.80000,
,,,15.240000000000,   0.80000,
,,,15.280000000000,  -0.80000,
,,,15.320000000000,   1.20000,
,,,15.360000000000,  -0.80000,
,,,15.400000000000,   1.20000,
,,,15.440000000000,  -0.80000,
,,,15.480000000000,   0.80000,
,,,15.520000000000,  -0.80000,
,,,15.560000000000,   1.20000,
,,,15.600000000000,  -0.80000,
,,,15.640000000000,   0.80000,
,,,15.680000000000,  -0.80000,
,,,15.720000000000,   1.20000,
,,,15.760000000000,  -0.80000,
,,,15.800000000000,   0.80000,
,,,15.840000000000,  -0.80000,
,,,15.880000000000,   0.80000,
,,,15.920000000000,  -0.80000,
,,,15.960000000000,   0.80000,
,,,16.000000000000,  -0.80000,
,,,16.040000000000,   1.20000,
,,,16.080000000000,  -0.80000,
,,,16.120000000000,   0.80000,
,,,16.160000000000,  -0.80000,
,,,16.200000000000,   1.20000,
,,,16.240000000000,  -0.80000,
,,,16.280000000000,   1.20000,
,,,16.320000000000,  -0.80000,
,,,16.360000000000,   1.20000,
,,,16.400000000000,  -0.80000,
,,,16.440000000000,   1.20000,
,,,16.480000000000,  -0.80000,
,,,16.520000000000,   0.80000,
,,,16.560000000000,  -0.80000,
,,,16.600000000000,   1.20000,
,,,16.640000000000,  -0.80000,
,,,16.680000000000,   1.20000,
,,,16.720000000000,  -0.80000,
,,,16.760000000000,   1.20000,
,,,16.800000000000,  -0.80000,
,,,16.840000000000,   1.20000,
,,,16.880000000000,  -0.80000,
,,,16.920000000000,   1.20000,
,,,16.960000000000,  -0.80000,
,,,17.000000000000,   1.20000,
,,,17.040000000000,  -0.80000,
,,,17.080000000000,   1.20000,
,,,17.120000000000,  -0.80000,
,,,17.160000000000,   1.20000,
,,,17.200000000000,  -0.80000,
,,,17.240000000000,   0.80000,
,,,17.280000000000,  -0.80000,
,,,17.320000000000,   0.80000,
,,,17.360000000000,  -0.80000,
,,,17.400000000000,   0.80000,
,,,17.440000000000,  -0.80000,
,,,17.480000000000,   0.80000,
,,,17.520000000000,  -0.80000,
,,,17.560000000000,   1.20000,
,,,17.600000000000,  -0.80000,
,,,17.640000000000,   1.20000,
,,,17.680000000000,  -0.80000,
,,,17.720000000000,   1.20000,
,,,17.760000000000,  -0.80000,
,,,17.800000000000,   0.80000,
,,,17.840000000000,  -0.80000,
,,,17.880000000000,   0.80000,
,,,17.920000000000,  -0.80000,
,,,17.960000000000,   1.20000,
,,,18.000000000000,  -0.80000,
,,,18.040000000000,   1.20000,
,,,18.080000000000,  -0.80000,
,,,18.120000000000,   0.80000,
,,,18.160000000000,  -0.80000,
,,,18.200000000000,   1.20000,
,,,18.240000000000,  -0.80000,
,,,18.280000000000,   0.80000,
,,,18.320000000000,  -0.80000,
,,,18.360000000000,   1.20000,
,,,18.400000000000,  -0.80000,
,,,18.440000000000,   1.20000,
,,,18.480000000000,  -0.80000,
,,,18.520000000000,   1.20000,
,,,18.560000000000,  -0.80000,
,,,18.600000000000,   0.80000,
,,,18.640000000000,  -0.80000,
,,,18.680000000000,   1.20000,
,,,18.720000000000,  -0.80000,
,,,18.760000000000,   1.20000,
,,,18.800000000000,  -0.80000,
,,,18.840000000000,   1.20000,
,,,18.880000000000,  -0.80000,
,,,18.920000000000,   1.20000,
,,,18.960000000000,  -0.80000,
,,,19.000000000000,   1.20000,
,,,19.040000000000,  -0.80000,
,,,19.080000000000,   1.20000,
,,,19.120000000000,  -0.80000,
,,,19.160000000000,   1.20000,
,,,19.200000000000,  -0.80000,
,,,19.240000000000,   1.20000,
,,,19.280000000000,  -0.80000,
,,,19.320000000000,   1.20000,
,,,19.360000000000,  -0.80000,
,,,19.400000000000,   0.80000,
,,,19.440000000000,  -0.80000,
,,,19.480000000000,   1.20000,
,,,19.520000000000,  -0.80000,
,,,19.560000000000,   0.80000,
,,,19.600000000000,  -0.80000,
,,,19.640000000000,   0.80000,
,,,19.680000000000,  -4.80000,
,,,19.720000000000,  34.40000,
,,,19.760000000000,  -1.20000,
,,,19.800000000000,   1.60000,
,,,19.840000000000,  -1.20000,
,,,19.880000000000,   1.60000,
,,,19.920000000000,  -1.60000,
,,,19.960000000000,   1.60000,
,,,20.000000000000,  -1.20000,
,,,20.040000000000,   1.60000,
,,,20.080000000000,  -1.60000,
,,,20.120000000000,   1.60000,
,,,20.160000000000,  -1.60000,
,,,20.200000000000,   1.60000,
,,,20.240000000000,  -1.20000,
,,,20.280000000000,   1.60000,
,,,20.320000000000,  -1.60000,
,,,20.360000000000,   1.60000,
,,,20.400000000000,  -1.60000,
,,,20.440000000000,   2.00000,
,,,20.480000000000,  -1.20000,
,,,20.520000000000,   1.60000,
,,,20.560000000000,  -1.60000,
,,,20.600000000000,   1.60000,
,,,20.640000000000,  -1.60000,
,,,20.680000000000,   1.60000,
,,,20.720000000000,  -1.60000,
,,,20.760000000000,   1.60000,
,,,20.800000000000,  -1.20000,
,,,20.840000000000,   1.60000,
,,,20.880000000000,  -1.60000,
,,,20.920000000000,   1.60000,
,,,20.960000000000,  -1.60000,
,,,21.000000000000,   1.60000,
,,,21.040000000000,  -1.20000,
,,,21.080000000000,   1.60000,
,,,21.120000000000,  -1.20000,
,,,21.160000000000,   1.60000,
,,,21.200000000000,  -1.20000,
,,,21.240000000000,   1.60000,
,,,21.280000000000,  -1.20000,
,,,21.320000000000,   1.60000,
,,,21.360000000000,  -1.60000,
,,,21.400000000000,   1.60000,
,,,21.440000000000,  -1.60000,
,,,21.480000000000,   1.60000,
,,,21.520000000000,  -1.60000,
,,,21.560000000000,   1.60000,
,,,21.600000000000,  -1.60000,
,,,21.640000000000,   1.60000,
,,,21.680000000000,  -1.20000,
,,,21.720000000000,   1.60000,
,,,21.760000000000,  -1.20000,
,,,21.800000000000,   1.60000,
,,,21.840000000000,  -1.20000,
,,,21.880000000000,   1.60000,
,,,21.920000000000,  -1.60000,
,,,21.960000000000,   1.60000,
,,,22.000000000000,  -1.20000,
,,,22.040000000000,   1.60000,
,,,22.080000000000,  -1.60000,
,,,22.120000000000,   1.60000,
,,,22.160000000000,  -1.60000,
,,,22.200000000000,   1.60000,
,,,22.240000000000,  -5.20000,
,,,22.280000000000,  44.00000,
,,,22.320000000000,  -1.60000,
,,,22.360000000000,   1.60000,
,,,22.400000000000,  -1.60000,
,,,22.440000000000,   1.60000,
,,,22.480000000000,  -1.20000,
,,,22.520000000000,   1.60000,
,,,22.560000000000,  -1.20000,
,,,22.600000000000,   1.60000,
,,,22.640000000000,  -1.60000,
,,,22.680000000000,   1.60000,
,,,22.720000000000,  -1.20000,
,,,22.760000000000,   1.60000,
,,,22.800000000000,  -1.60000,
,,,22.840000000000,   1.60000,
,,,22.880000000000,  -1.60000,
,,,22.920000000000,   1.60000,
,,,22.960000000000,  -1.20000,
,,,23.000000000000,   1.60000,
,,,23.040000000000,  -1.60000,
,,,23.080000000000,   1.60000,
,,,23.120000000000,  -1.60000,
,,,23.160000000000,   1.60000,
,,,23.200000000000,  -1.60000,
,,,23.240000000000,   1.60000,
,,,23.280000000000,  -1.20000,
,,,23.320000000000,   1.60000,
,,,23.360000000000,  -2.00000,
,,,23.400000000000,   1.60000,
,,,23.440000000000,  -1.20000,
,,,23.480000000000,   1.60000,
,,,23.520000000000,  -1.20000,
,,,23.560000000000,   1.60000,
,,,23.600000000000,  -1.60000,
,,,23.640000000000,   1.60000,
,,,23.680000000000,  -1.20000,
,,,23.720000000000,   1.60000,
,,,23.760000000000,  -1.20000,
,,,23.800000000000,   1.60000,
,,,23.840000000000,  -1.60000,
,,,23.880000000000,   1.20000,
,,,23.920000000000,  -1.20000,
,,,23.960000000000,   1.60000,
,,,24.000000000000,  -1.20000,
,,,24.040000000000,   1.60000,
,,,24.080000000000,  -1.20000,
,,,24.120000000000,   1.60000,
,,,24.160000000000,  -1.60000,
,,,24.200000000000,   1.60000,
,,,24.240000000000,  -1.20000,
,,,24.280000000000,   1.60000,
,,,24.320000000000,  -1.60000,
,,,24.360000000000,   2.00000,
,,,24.400000000000,  -1.60000,
,,,24.440000000000,   1.60000,
,,,24.480000000000,  -1.20000,
,,,24.520000000000,   1.60000,
,,,24.560000000000,  -1.60000,
,,,24.600000000000,   1.60000,
,,,24.640000000000,  -1.20000,
,,,24.680000000000,   2.00000,
,,,24.720000000000,  -1.60000,
,,,24.760000000000,   1.60000,
,,,24.800000000000,  -1.60000,
,,,24.840000000000,   1.60000,
,,,24.880000000000,  -1.20000,
,,,24.920000000000,   1.60000,
,,,24.960000000000,  -1.20000,
,,,25.000000000000,   1.60000,
,,,25.040000000000,  -1.20000,
,,,25.080000000000,   1.60000,
,,,25.120000000000,  -1.60000,
,,,25.160000000000,   1.60000,
,,,25.200000000000,  -1.60000,
,,,25.240000000000,   1.60000,
,,,25.280000000000,  -1.60000,
,,,25.320000000000,   2.00000,
,,,25.360000000000,  -1.60000,
,,,25.400000000000,   1.60000,
,,,25.440000000000,  -1.60000,
,,,25.480000000000,   1.60000,
,,,25.520000000000,  -1.20000,
,,,25.560000000000,   1.60000,
,,,25.600000000000,  -1.60000,
,,,25.640000000000,   1.60000,
,,,25.680000000000,  -1.60000,
,,,25.720000000000,   2.00000,
,,,25.760000000000,  -1.60000,
,,,25.800000000000,   1.60000,
,,,25.840000000000,  -1.60000,
,,,25.880000000000,   2.00000,
,,,25.920000000000,  -1.60000,
,,,25.960000000000,   2.00000,
,,,26.000000000000,  -1.60000,
,,,26.040000000000,   1.60000,
,,,26.080000000000,  -1.60000,
,,,26.120000000000,   1.60000,
,,,26.160000000000,  -1.20000,
,,,26.200000000000,   1.60000,
,,,26.240000000000,  -1.20000,
,,,26.280000000000,   1.60000,
,,,26.320000000000,  -1.60000,
,,,26.360000000000,   1.60000,
,,,26.400000000000,  -1.60000,
,,,26.440000000000,   1.60000,
,,,26.480000000000,  -1.20000,
,,,26.520000000000,   1.60000,
,,,26.560000000000,  -1.60000,
,,,26.600000000000,   1.60000,
,,,26.640000000000,  -1.20000,
,,,26.680000000000,   1.60000,
,,,26.720000000000,  -1.60000,
,,,26.760000000000,   1.60000,
,,,26.800000000000,  -1.20000,
,,,26.840000000000,   1.60000,
,,,26.880000000000,  -2.00000,
,,,26.920000000000,   2.40000,
,,,26.960000000000,  -1.60000,
,,,27.000000000000,   1.60000,
,,,27.040000000000,  -1.60000,
,,,27.080000000000,   2.00000,
,,,27.120000000000,  -2.00000,
,,,27.160000000000,   1.60000,
,,,27.200000000000,  -1.20000,
,,,27.240000000000,   1.60000,
,,,27.280000000000,  -1.20000,
,,,27.320000000000,   1.60000,
,,,27.360000000000,  -1.60000,
,,,27.400000000000,   1.60000,
,,,27.440000000000,  -1.60000,
,,,27.480000000000,   2.00000,
,,,27.520000000000,  -1.60000,
,,,27.560000000000,   1.60000,
,,,27.600000000000,  -1.20000,
,,,27.640000000000,   1.60000,
,,,27.680000000000,  -1.60000,
,,,27.720000000000,   2.00000,
,,,27.760000000000,  -1.60000,
,,,27.800000000000,   1.60000,
,,,27.840000000000,  -1.60000,
,,,27.880000000000,   1.60000,
,,,27.920000000000,  -1.60000,
,,,27.960000000000,   1.60000,
,,,28.000000000000,  -1.60000,
,,,28.040000000000,   1.60000,
,,,28.080000000000,  -1.20000,
,,,28.120000000000,   1.60000,
,,,28.160000000000,  -1.60000,
,,,28.200000000000,   1.60000,
,,,28.240000000000,  -1.60000,
,,,28.280000000000,   1.60000,
,,,28.320000000000,  -1.20000,
,,,28.360000000000,   1.60000,
,,,28.400000000000,  -1.20000,
,,,28.440000000000,   1.60000,
,,,28.480000000000,  -1.20000,
,,,28.520000000000,   1.60000,
,,,28.560000000000,  -1.20000,
,,,28.600000000000,   1.60000,
,,,28.640000000000,  -1.20000,
,,,28.680000000000,   1.60000,
,,,28.720000000000,  -1.60000,
,,,28.760000000000,   1.60000,
,,,28.800000000000,  -1.20000,
,,,28.840000000000,   2.00000,
,,,28.880000000000,  -1.20000,
,,,28.920000000000,   2.00000,
,,,28.960000000000,  -1.20000,
,,,29.000000000000,   1.60000,
,,,29.040000000000,  -1.20000,
,,,29.080000000000,   1.60000,
,,,29.120000000000,  -1.60000,
,,,29.160000000000,   1.60000,
,,,29.200000000000,  -1.20000,
,,,29.240000000000,   1.60000,
,,,29.280000000000,  -1.20000,
,,,29.320000000000,   1.60000,
,,,29.360000000000,  -1.20000,
,,,29.400000000000,   1.60000,
,,,29.440000000000,  -1.60000,
,,,29.480000000000,   1.60000,
,,,29.520000000000,  -1.60000,
,,,29.560000000000,   1.60000,
,,,29.600000000000,  -1.60000,
,,,29.640000000000,   2.00000,
,,,29.680000000000,  -1.20000,
,,,29.720000000000,   1.60000,
,,,29.760000000000,  -1.60000,
,,,29.800000000000,   1.60000,
,,,29.840000000000,  -1.60000,
,,,29.880000000000,   1.60000,
,,,29.920000000000,  -1.20000,
,,,29.960000000000,   1.60000,
,,,30.000000000000,  -1.20000,
,,,30.040000000000,   1.60000,
,,,30.080000000000,  -1.60000,
,,,30.120000000000,   2.00000,
,,,30.160000000000,  -1.20000,
,,,30.200000000000,   1.60000,
,,,30.240000000000,  -1.60000,
,,,30.280000000000,   1.60000,
,,,30.320000000000,  -1.20000,
,,,30.360000000000,   1.60000,
,,,30.400000000000,  -1.20000,
,,,30.440000000000,   1.60000,
,,,30.480000000000,  -1.20000,
,,,30.520000000000,   2.00000,
,,,30.560000000000,  -1.60000,
,,,30.600000000000,   1.60000,
,,,30.640000000000,  -1.20000,
,,,30.680000000000,   2.00000,
,,,30.720000000000,  -1.60000,
,,,30.760000000000,   1.60000,
,,,30.800000000000,  -1.60000,
,,,30.840000000000,   1.60000,
,,,30.880000000000,  -1.60000,
,,,30.920000000000,   1.60000,
,,,30.960000000000,  -1.20000,
,,,31.000000000000,   1.60000,
,,,31.040000000000,  -1.20000,
,,,31.080000000000,   1.60000,
,,,31.120000000000,  -1.20000,
,,,31.160000000000,   1.60000,
,,,31.200000000000,  -1.20000,
,,,31.240000000000,   1.60000,
,,,31.280000000000,  -1.60000,
,,,31.320000000000,   1.60000,
,,,31.360000000000,  -1.60000,
,,,31.400000000000,   1.60000,
,,,31.440000000000,  -1.20000,
,,,31.480000000000,   1.60000,
,,,31.520000000000,  -1.60000,
,,,31.560000000000,   1.60000,
,,,31.600000000000,  -1.60000,
,,,31.640000000000,   2.00000,
,,,31.680000000000,  -1.20000,
,,,31.720000000000,   2.00000,
,,,31.760000000000,  -1.20000,
,,,31.800000000000,   1.60000,
,,,31.840000000000,  -1.60000,
,,,31.880000000000,   1.60000,
,,,31.920000000000,  -1.60000,
,,,31.960000000000,   1.60000,
,,,32.000000000000,  -1.20000,
,,,32.040000000000,   1.60000,
,,,32.080000000000,  -1.60000,
,,,32.120000000000,   2.00000,
,,,32.160000000000,  -1.20000,
,,,32.200000000000,   1.60000,
,,,32.240000000000,  -1.20000,
,,,32.280000000000,   1.60000,
,,,32.320000000000,  -1.60000,
,,,32.360000000000,   1.60000,
,,,32.400000000000,  -1.60000,
,,,32.440000000000,   1.60000,
,,,32.480000000000,  -1.60000,
,,,32.520000000000,   2.00000,
,,,32.560000000000,  -1.20000,
,,,32.600000000000,   1.60000,
,,,32.640000000000,  -1.20000,
,,,32.680000000000,   1.60000,
,,,32.720000000000,  -1.60000,
,,,32.760000000000,   2.00000,
,,,32.800000000000,  -1.60000,
,,,32.840000000000,   1.60000,
,,,32.880000000000,  -4.80000,
,,,32.920000000000,  39.20000,
,,,32.960000000000,  -1.60000,
,,,33.000000000000,   1.60000,
,,,33.040000000000,  -1.20000,
,,,33.080000000000,   1.60000,
,,,33.120000000000,  -1.20000,
,,,33.160000000000,   1.60000,
,,,33.200000000000,  -1.60000,
,,,33.240000000000,   1.60000,
,,,33.280000000000,  -1.20000,
,,,33.320000000000,   1.60000,
,,,33.360000000000,  -1.60000,
,,,33.400000000000,   1.60000,
,,,33.440000000000,  -1.20000,
,,,33.480000000000,   1.60000,
,,,33.520000000000,  -1.60000,
,,,33.560000000000,   1.60000,
,,,33.600000000000,  -1.20000,
,,,33.640000000000,   1.60000,
,,,33.680000000000,  -1.20000,
,,,33.720000000000,   1.60000,
,,,33.760000000000,  -1.60000,
,,,33.800000000000,   1.60000,
,,,33.840000000000,  -1.60000,
,,,33.880000000000,   1.60000,
,,,33.920000000000,  -1.20000,
,,,33.960000000000,   1.60000,
,,,34.000000000000,  -1.20000,
,,,34.040000000000,   1.60000,
,,,34.080000000000,  -1.60000,
,,,34.120000000000,   1.60000,
,,,34.160000000000,  -1.20000,
,,,34.200000000000,   1.60000,
,,,34.240000000000,  -1.60000,
,,,34.280000000000,   1.60000,
,,,34.320000000000,  -1.20000,
,,,34.360000000000,   1.60000,
,,,34.400000000000,  -1.60000,
,,,34.440000000000,   2.00000,
,,,34.480000000000,  -1.60000,
,,,34.520000000000,   1.20000,
,,,34.560000000000,  -2.00000,
,,,34.600000000000,   1.60000,
,,,34.640000000000,  -1.20000,
,,,34.680000000000,   1.60000,
,,,34.720000000000,  -1.60000,
,,,34.760000000000,   1.60000,
,,,34.800000000000,  -1.20000,
,,,34.840000000000,   1.60000,
,,,34.880000000000,  -1.20000,
,,,34.920000000000,   1.60000,
,,,34.960000000000,  -1.20000,
,,,35.000000000000,   1.60000,
,,,35.040000000000,  -1.60000,
,,,35.080000000000,   1.60000,
,,,35.120000000000,  -1.60000,
,,,35.160000000000,   1.60000,
,,,35.200000000000,  -1.20000,
,,,35.240000000000,   1.60000,
,,,35.280000000000,  -1.60000,
,,,35.320000000000,   1.60000,
,,,35.360000000000,  -1.60000,
,,,35.400000000000,   1.60000,
,,,35.440000000000,  -1.20000,
,,,35.480000000000,   1.60000,
,,,35.520000000000,  -1.20000,
,,,35.560000000000,   1.60000,
,,,35.600000000000,  -1.20000,
,,,35.640000000000,   1.60000,
,,,35.680000000000,  -1.20000,
,,,35.720000000000,   2.00000,
,,,35.760000000000,  -1.60000,
,,,35.800000000000,   1.60000,
,,,35.840000000000,  -2.00000,
,,,35.880000000000,   1.60000,
,,,35.920000000000,  -1.20000,
,,,35.960000000000,   1.60000,
,,,36.000000000000,  -1.60000,
,,,36.040000000000,   2.00000,
,,,36.080000000000,  -1.20000,
,,,36.120000000000,   1.60000,
,,,36.160000000000,  -1.60000,
,,,36.200000000000,   1.60000,
,,,36.240000000000,  -1.60000,
,,,36.280000000000,   2.00000,
,,,36.320000000000,  -1.60000,
,,,36.360000000000,   1.60000,
,,,36.400000000000,  -1.60000,
,,,36.440000000000,   1.60000,
,,,36.480000000000,  -1.60000,
,,,36.520000000000,   1.60000,
,,,36.560000000000,  -1.20000,
,,,36.600000000000,   1.60000,
,,,36.640000000000,  -1.20000,
,,,36.680000000000,   1.60000,
,,,36.720000000000,  -1.20000,
,,,36.760000000000,   1.60000,
,,,36.800000000000,  -1.20000,
,,,36.840000000000,   1.60000,
,,,36.880000000000,  -1.60000,
,,,36.920000000000,   1.60000,
,,,36.960000000000,  -1.20000,
,,,37.000000000000,   1.60000,
,,,37.040000000000,  -1.60000,
,,,37.080000000000,   1.60000,
,,,37.120000000000,  -1.60000,
,,,37.160000000000,   1.60000,
,,,37.200000000000,  -1.60000,
,,,37.240000000000,   1.60000,
,,,37.280000000000,  -1.20000,
,,,37.320000000000,   1.60000,
,,,37.360000000000,  -1.60000,
,,,37.400000000000,   1.60000,
,,,37.440000000000,  -1.60000,
,,,37.480000000000,   1.60000,
,,,37.520000000000,  -1.60000,
,,,37.560000000000,   1.60000,
,,,37.600000000000,  -1.60000,
,,,37.640000000000,   1.60000,
,,,37.680000000000,  -1.60000,
,,,37.720000000000,   1.60000,
,,,37.760000000000,  -1.20000,
,,,37.800000000000,   1.20000,
,,,37.840000000000,  -1.20000,
,,,37.880000000000,   1.60000,
,,,37.920000000000,  -1.60000,
,,,37.960000000000,   1.60000,
,,,38.000000000000,  -1.20000,
,,,38.040000000000,   1.60000,
,,,38.080000000000,  -1.20000,
,,,38.120000000000,   1.60000,
,,,38.160000000000,  -1.20000,
,,,38.200000000000,   1.60000,
,,,38.240000000000,  -1.20000,
,,,38.280000000000,   1.60000,
,,,38.320000000000,  -1.60000,
,,,38.360000000000,   2.00000,
,,,38.400000000000,  -4.80000,
,,,38.440000000000,  36.40000,
,,,38.480000000000,  -1.20000,
,,,38.520000000000,   1.60000,
,,,38.560000000000,  -1.60000,
,,,38.600000000000,   1.60000,
,,,38.640000000000,  -1.60000,
,,,38.680000000000,   1.60000,
,,,38.720000000000,  -1.20000,
,,,38.760000000000,   1.60000,
,,,38.800000000000,  -1.20000,
,,,38.840000000000,   1.60000,
,,,38.880000000000,  -1.60000,
,,,38.920000000000,   1.60000,
,,,38.960000000000,  -1.60000,
,,,39.000000000000,   1.60000,
,,,39.040000000000,  -1.60000,
,,,39.080000000000,   1.60000,
,,,39.120000000000,  -1.60000,
,,,39.160000000000,   1.60000,
,,,39.200000000000,  -1.60000,
,,,39.240000000000,   1.60000,
,,,39.280000000000,  -1.60000,
,,,39.320000000000,   1.60000,
,,,39.360000000000,  -1.60000,
,,,39.400000000000,   1.60000,
,,,39.440000000000,  -1.60000,
,,,39.480000000000,   1.60000,
,,,39.520000000000,  -1.20000,
,,,39.560000000000,   1.60000,
,,,39.600000000000,  -1.20000,
,,,39.640000000000,   1.60000,
,,,39.680000000000,  -1.20000,
,,,39.720000000000,   2.00000,
,,,39.760000000000,  -1.20000,
,,,39.800000000000,   1.60000,
,,,39.840000000000,  -1.20000,
,,,39.880000000000,   1.60000,
,,,39.920000000000,  -1.20000,
,,,39.960000000000,   1.20000,
,,,40.000000000000,  -1.60000,
,,,40.040000000000,   1.60000,
,,,40.080000000000,  -1.60000,
,,,40.120000000000,   1.60000,
,,,40.160000000000,  -1.60000,
,,,40.200000000000,   1.60000,
,,,40.240000000000,  -1.60000,
,,,40.280000000000,   1.20000,
,,,40.320000000000,  -1.60000,
,,,40.360000000000,   1.60000,
,,,40.400000000000,  -1.60000,
,,,40.440000000000,   2.00000,
,,,40.480000000000,  -1.60000,
,,,40.520000000000,   1.60000,
,,,40.560000000000,  -1.60000,
,,,40.600000000000,   1.60000,
,,,40.640000000000,  -1.20000,
,,,40.680000000000,   1.60000,
,,,40.720000000000,  -1.60000,
,,,40.760000000000,   1.60000,
,,,40.800000000000,  -1.60000,
,,,40.840000000000,   1.60000,
,,,40.880000000000,  -1.60000,
,,,40.920000000000,   1.60000,
,,,40.960000000000,  -1.20000,
,,,41.000000000000,   1.60000,
,,,41.040000000000,  -1.20000,
,,,41.080000000000,   1.60000,
,,,41.120000000000,  -1.60000,
,,,41.160000000000,   1.60000,
,,,41.200000000000,  -1.20000,
,,,41.240000000000,   2.00000,
,,,41.280000000000,  -1.60000,
,,,41.320000000000,   1.60000,
,,,41.360000000000,  -1.60000,
,,,41.400000000000,   1.60000,
,,,41.440000000000,  -1.20000,
,,,41.480000000000,   1.60000,
,,,41.520000000000,  -1.60000,
,,,41.560000000000,   1.60000,
,,,41.600000000000,  -1.60000,
,,,41.640000000000,   1.60000,
,,,41.680000000000,  -1.60000,
,,,41.720000000000,   1.60000,
,,,41.760000000000,  -1.60000,
,,,41.800000000000,   1.60000,
,,,41.840000000000,  -1.20000,
,,,41.880000000000,   1.60000,
,,,41.920000000000,  -1.20000,
,,,41.960000000000,   1.20000,
,,,42.000000000000,  -1.60000,
,,,42.040000000000,   1.60000,
,,,42.080000000000,  -1.20000,
,,,42.120000000000,   1.60000,
,,,42.160000000000,  -1.20000,
,,,42.200000000000,   1.60000,
,,,42.240000000000,  -1.60000,
,,,42.280000000000,   1.60000,
,,,42.320000000000,  -1.60000,
,,,42.360000000000,   1.60000,
,,,42.400000000000,  -1.20000,
,,,42.440000000000,   1.20000,
,,,42.480000000000,  -1.60000,
,,,42.520000000000,   1.60000,
,,,42.560000000000,  -1.20000,
,,,42.600000000000,   1.60000,
,,,42.640000000000,  -1.20000,
,,,42.680000000000,   1.60000,
,,,42.720000000000,  -2.00000,
,,,42.760000000000,   1.60000,
,,,42.800000000000,  -1.60000,
,,,42.840000000000,   1.60000,
,,,42.880000000000,  -1.60000,
,,,42.920000000000,   2.00000,
,,,42.960000000000,  -1.20000,
,,,43.000000000000,   1.60000,
,,,43.040000000000,  -1.60000,
,,,43.080000000000,   1.60000,
,,,43.120000000000,  -1.20000,
,,,43.160000000000,   1.60000,
,,,43.200000000000,  -1.20000,
,,,43.240000000000,   1.60000,
,,,43.280000000000,  -1.20000,
,,,43.320000000000,   2.00000,
,,,43.360000000000,  -1.60000,
,,,43.400000000000,   2.00000,
,,,43.440000000000,  -1.60000,
,,,43.480000000000,   1.60000,
,,,43.520000000000,  -1.60000,
,,,43.560000000000,   1.60000,
,,,43.600000000000,  -5.20000,
,,,43.640000000000,  54.80000,
,,,43.680000000000,  -1.20000,
,,,43.720000000000,   1.60000,
,,,43.760000000000,  -1.60000,
,,,43.800000000000,   1.60000,
,,,43.840000000000,  -1.20000,
,,,43.880000000000,   1.60000,
,,,43.920000000000,  -1.60000,
,,,43.960000000000,   1.60000,
,,,44.000000000000,  -1.60000,
,,,44.040000000000,   1.60000,
,,,44.080000000000,  -1.20000,
,,,44.120000000000,   1.60000,
,,,44.160000000000,  -1.20000,
,,,44.200000000000,   1.60000,
,,,44.240000000000,  -2.00000,
,,,44.280000000000,   1.60000,
,,,44.320000000000,  -1.20000,
,,,44.360000000000,   1.60000,
,,,44.400000000000,  -1.20000,
,,,44.440000000000,   1.60000,
,,,44.480000000000,  -1.20000,
,,,44.520000000000,   1.60000,
,,,44.560000000000,  -2.00000,
,,,44.600000000000,   1.60000,
,,,44.640000000000,  -1.60000,
,,,44.680000000000,   1.60000,
,,,44.720000000000,  -1.60000,
,,,44.760000000000,   1.60000,
,,,44.800000000000,  -1.60000,
,,,44.840000000000,   1.60000,
,,,44.880000000000,  -1.20000,
,,,44.920000000000,   1.60000,
,,,44.960000000000,  -1.20000,
,,,45.000000000000,   1.60000,
,,,45.040000000000,  -1.60000,
,,,45.080000000000,   1.60000,
,,,45.120000000000,  -1.20000,
,,,45.160000000000,   1.60000,
,,,45.200000000000,  -1.60000,
,,,45.240000000000,   1.60000,
,,,45.280000000000,  -1.20000,
,,,45.320000000000,   1.60000,
,,,45.360000000000,  -2.00000,
,,,45.400000000000,   1.60000,
,,,45.440000000000,  -1.20000,
,,,45.480000000000,   1.60000,
,,,45.520000000000,  -1.60000,
,,,45.560000000000,   1.60000,
,,,45.600000000000,  -1.60000,
,,,45.640000000000,   1.60000,
,,,45.680000000000,  -1.20000,
,,,45.720000000000,   1.60000,
,,,45.760000000000,  -1.60000,
,,,45.800000000000,   1.60000,
,,,45.840000000000,  -1.20000,
,,,45.880000000000,   1.20000,
,,,45.920000000000,  -1.20000,
,,,45.960000000000,   1.60000,
,,,46.000000000000,  -1.60000,
,,,46.040000000000,   1.60000,
,,,46.080000000000,  -1.20000,
,,,46.120000000000,   1.60000,
,,,46.160000000000,  -1.60000,
,,,46.200000000000,   1.60000,
,,,46.240000000000,  -1.20000,
,,,46.280000000000,   1.60000,
,,,46.320000000000,  -1.60000,
,,,46.360000000000,   1.60000,
,,,46.400000000000,  -1.60000,
,,,46.440000000000,   1.60000,
,,,46.480000000000,  -1.60000,
,,,46.520000000000,   1.60000,
,,,46.560000000000,  -2.00000,
,,,46.600000000000,   1.60000,
,,,46.640000000000,  -1.20000,
,,,46.680000000000,   1.60000,
,,,46.720000000000,  -1.60000,
,,,46.760000000000,   1.60000,
,,,46.800000000000,  -1.20000,
,,,46.840000000000,   1.60000,
,,,46.880000000000,  -1.20000,
,,,46.920000000000,   1.60000,
,,,46.960000000000,  -1.60000,
,,,47.000000000000,   1.60000,
,,,47.040000000000,  -1.60000,
,,,47.080000000000,   2.00000,
,,,47.120000000000,  -1.60000,
,,,47.160000000000,   1.60000,
,,,47.200000000000,  -1.60000,
,,,47.240000000000,   1.60000,
,,,47.280000000000,  -1.20000,
,,,47.320000000000,   1.60000,
,,,47.360000000000,  -1.60000,
,,,47.400000000000,   1.60000,
,,,47.440000000000,  -1.60000,
,,,47.480000000000,   2.00000,
,,,47.520000000000,  -1.20000,
,,,47.560000000000,   1.60000,
,,,47.600000000000,  -1.60000,
,,,47.640000000000,   1.60000,
,,,47.680000000000,  -1.20000,
,,,47.720000000000,   1.60000,
,,,47.760000000000,  -1.20000,
,,,47.800000000000,   1.60000,
,,,47.840000000000,  -1.60000,
,,,47.880000000000,   1.60000,
,,,47.920000000000,  -1.20000,
,,,47.960000000000,   1.60000,
,,,48.000000000000,  -1.60000,
,,,48.040000000000,   1.60000,
,,,48.080000000000,  -1.60000,
,,,48.120000000000,   1.60000,
,,,48.160000000000,  -1.60000,
,,,48.200000000000,   2.00000,
,,,48.240000000000,  -1.20000,
,,,48.280000000000,   1.60000,
,,,48.320000000000,  -1.20000,
,,,48.360000000000,   1.60000,
,,,48.400000000000,  -1.20000,
,,,48.440000000000,   1.60000,
,,,48.480000000000,  -1.20000,
,,,48.520000000000,   1.60000,
,,,48.560000000000,  -1.20000,
,,,48.600000000000,   1.60000,
,,,48.640000000000,  -1.20000,
,,,48.680000000000,   2.00000,
,,,48.720000000000,  -1.20000,
,,,48.760000000000,   1.60000,
,,,48.800000000000,  -1.20000,
,,,48.840000000000,   1.60000,
,,,48.880000000000,  -1.20000,
,,,48.920000000000,   1.20000,
,,,48.960000000000,  -1.60000,
,,,49.000000000000,   1.60000,
,,,49.040000000000,  -1.60000,
,,,49.080000000000,   1.60000,
,,,49.120000000000,  -1.60000,
,,,49.160000000000,   2.00000,
,,,49.200000000000,  -1.60000,
,,,49.240000000000,   2.00000,
,,,49.280000000000,  -1.60000,
,,,49.320000000000,   1.60000,
,,,49.360000000000,  -1.60000,
,,,49.400000000000,   1.60000,
,,,49.440000000000,  -1.60000,
,,,49.480000000000,   1.60000,
,,,49.520000000000,  -1.20000,
,,,49.560000000000,   1.60000,
,,,49.600000000000,  -1.60000,
,,,49.640000000000,   1.60000,
,,,49.680000000000,  -1.60000,
,,,49.720000000000,   1.60000,
,,,49.760000000000,  -1.20000,
,,,49.800000000000,   1.60000,
,,,49.840000000000,  -1.60000,
,,,49.880000000000,   1.60000,
,,,49.920000000000,  -1.60000,
,,,49.960000000000,   1.60000,
,,,50.000000000000,  -1.20000,
,,,50.040000000000,   1.60000,
,,,50.080000000000,  -1.60000,
,,,50.120000000000,   1.60000,
,,,50.160000000000,  -1.60000,
,,,50.200000000000,   1.60000,
,,,50.240000000000,  -1.60000,
,,,50.280000000000,   1.60000,
,,,50.320000000000,  -1.60000,
,,,50.360000000000,   1.60000,
,,,50.400000000000,  -1.60000,
,,,50.440000000000,   1.60000,
,,,50.480000000000,  -1.20000,
,,,50.520000000000,   1.60000,
,,,50.560000000000,  -1.60000,
,,,50.600000000000,   1.60000,
,,,50.640000000000,  -1.20000,
,,,50.680000000000,   1.60000,
,,,50.720000000000,  -1.60000,
,,,50.760000000000,   1.60000,
,,,50.800000000000,  -1.60000,
,,,50.840000000000,   1.60000,
,,,50.880000000000,  -1.60000,
,,,50.920000000000,   2.00000,
,,,50.960000000000,  -1.60000,
,,,51.000000000000,   1.60000,
,,,51.040000000000,  -1.60000,
,,,51.080000000000,   2.00000,
,,,51.120000000000,  -1.60000,
,,,51.160000000000,   2.00000,
,,,51.200000000000,  -1.60000,
,,,51.240000000000,   2.00000,
,,,51.280000000000,  -1.60000,
,,,51.320000000000,   1.60000,
,,,51.360000000000,  -2.00000,
,,,51.400000000000,   2.00000,
,,,51.440000000000,  -1.60000,
,,,51.480000000000,   2.00000,
,,,51.520000000000,  -1.60000,
,,,51.560000000000,   1.60000,
,,,51.600000000000,  -1.60000,
,,,51.640000000000,   2.00000,
,,,51.680000000000,  -1.60000,
,,,51.720000000000,   1.60000,
,,,51.760000000000,  -1.20000,
,,,51.800000000000,   1.60000,
,,,51.840000000000,  -1.60000,
,,,51.880000000000,   1.60000,
,,,51.920000000000,  -1.20000,
,,,51.960000000000,   1.60000,
,,,52.000000000000,  -1.60000,
,,,52.040000000000,   1.60000,
,,,52.080000000000,  -1.60000,
,,,52.120000000000,   2.40000,
,,,52.160000000000,  -1.60000,
,,,52.200000000000,   1.60000,
,,,52.240000000000,  -1.60000,
,,,52.280000000000,   1.60000,
,,,52.320000000000,  -1.60000,
,,,52.360000000000,   2.00000,
,,,52.400000000000,  -1.60000,
,,,52.440000000000,   2.00000,
,,,52.480000000000,  -1.60000,
,,,52.520000000000,   1.60000,
,,,52.560000000000,  -1.60000,
,,,52.600000000000,   1.60000,
,,,52.640000000000,  -1.60000,
,,,52.680000000000,   2.00000,
,,,52.720000000000,  -1.60000,
,,,52.760000000000,   1.60000,
,,,52.800000000000,  -1.60000,
,,,52.840000000000,   1.60000,
,,,52.880000000000,  -1.60000,
,,,52.920000000000,   2.00000,
,,,52.960000000000,  -1.60000,
,,,53.000000000000,   1.60000,
,,,53.040000000000,  -1.60000,
,,,53.080000000000,   1.60000,
,,,53.120000000000,  -2.00000,
,,,53.160000000000,   1.60000,
,,,53.200000000000,  -1.60000,
,,,53.240000000000,   1.60000,
,,,53.280000000000,  -1.60000,
,,,53.320000000000,   1.60000,
,,,53.360000000000,  -1.60000,
,,,53.400000000000,   2.00000,
,,,53.440000000000,  -1.60000,
,,,53.480000000000,   1.60000,
,,,53.520000000000,  -1.60000,
,,,53.560000000000,   1.60000,
,,,53.600000000000,  -1.60000,
,,,53.640000000000,   1.60000,
,,,53.680000000000,  -1.20000,
,,,53.720000000000,   1.60000,
,,,53.760000000000,  -1.60000,
,,,53.800000000000,   1.60000,
,,,53.840000000000,  -1.60000,
,,,53.880000000000,   2.00000,
,,,53.920000000000,  -1.20000,
,,,53.960000000000,   1.60000,
,,,54.000000000000,  -1.20000,
,,,54.040000000000,   1.60000,
,,,54.080000000000,  -1.60000,
,,,54.120000000000,   1.60000,
,,,54.160000000000,  -1.20000,
,,,54.200000000000,   1.60000,
,,,54.240000000000,  -1.60000,
,,,54.280000000000,   1.60000,
,,,54.320000000000,  -1.60000,
,,,54.360000000000,   1.60000,
,,,54.400000000000,  -1.60000,
,,,54.440000000000,   1.60000,
,,,54.480000000000,  -1.20000,
,,,54.520000000000,   1.60000,
,,,54.560000000000,  -1.60000,
,,,54.600000000000,   1.60000,
,,,54.640000000000,  -1.60000,
,,,54.680000000000,   2.00000,
,,,54.720000000000,  -1.60000,
,,,54.760000000000,   1.60000,
,,,54.800000000000,  -1.60000,
,,,54.840000000000,   1.60000,
,,,54.880000000000,  -1.20000,
,,,54.920000000000,   1.60000,
,,,54.960000000000,  -1.60000,
,,,55.000000000000,   1.60000,
,,,55.040000000000,  -1.60000,
,,,55.080000000000,   1.60000,
,,,55.120000000000,  -1.60000,
,,,55.160000000000,   1.60000,
,,,55.200000000000,  -1.20000,
,,,55.240000000000,   1.60000,
,,,55.280000000000,  -1.20000,
,,,55.320000000000,   2.00000,
,,,55.360000000000,  -1.20000,
,,,55.400000000000,   1.60000,
,,,55.440000000000,  -1.60000,
,,,55.480000000000,   1.60000,
,,,55.520000000000,  -1.60000,
,,,55.560000000000,   1.60000,
,,,55.600000000000,  -1.20000,
,,,55.640000000000,   1.60000,
,,,55.680000000000,  -1.20000,
,,,55.720000000000,   2.00000,
,,,55.760000000000,  -1.60000,
,,,55.800000000000,   2.00000,
,,,55.840000000000,  -1.20000,
,,,55.880000000000,   1.60000,
,,,55.920000000000,  -1.60000,
,,,55.960000000000,   1.60000,
,,,56.000000000000,  -1.20000,
,,,56.040000000000,   1.60000,
,,,56.080000000000,  -1.60000,
,,,56.120000000000,   1.60000,
,,,56.160000000000,  -1.20000,
,,,56.200000000000,   1.60000,
,,,56.240000000000,  -1.20000,
,,,56.280000000000,   1.60000,
,,,56.320000000000,  -1.20000,
,,,56.360000000000,   1.60000,
,,,56.400000000000,  -1.20000,
,,,56.440000000000,   1.20000,
,,,56.480000000000,  -1.20000,
,,,56.520000000000,   1.20000,
,,,56.560000000000,  -1.20000,
,,,56.600000000000,   1.20000,
,,,56.640000000000,  -1.20000,
,,,56.680000000000,   1.20000,
,,,56.720000000000,  -1.20000,
,,,56.760000000000,   1.20000,
,,,56.800000000000,  -4.80000,
,,,56.840000000000,  34.00000,
,,,56.880000000000,  -0.80000,
,,,56.920000000000,   1.20000,
,,,56.960000000000,  -0.80000,
,,,57.000000000000,   1.20000,
,,,57.040000000000,  -0.80000,
,,,57.080000000000,   1.20000,
,,,57.120000000000,  -0.80000,
,,,57.160000000000,   1.20000,
,,,57.200000000000,  -0.80000,
,,,57.240000000000,   1.20000,
,,,57.280000000000,  -0.80000,
,,,57.320000000000,   1.20000,
,,,57.360000000000,  -0.80000,
,,,57.400000000000,   1.20000,
,,,57.440000000000,  -0.80000,
,,,57.480000000000,   1.20000,
,,,57.520000000000,  -0.80000,
,,,57.560000000000,   1.20000,
,,,57.600000000000,  -0.80000,
,,,57.640000000000,   0.80000,
,,,57.680000000000,  -0.80000,
,,,57.720000000000,   1.20000,
,,,57.760000000000,  -4.80000,
,,,57.800000000000,  40.80000,
,,,57.840000000000,  -1.60000,
,,,57.880000000000,   1.20000,
,,,57.920000000000,  -0.80000,
,,,57.960000000000,   1.20000,
,,,58.000000000000,  -0.80000,
,,,58.040000000000,   0.80000,
,,,58.080000000000,  -0.80000,
,,,58.120000000000,   0.80000,
,,,58.160000000000,  -1.20000,
,,,58.200000000000,   1.60000,
,,,58.240000000000,  -0.80000,
,,,58.280000000000,   0.80000,
,,,58.320000000000,  -0.80000,
,,,58.360000000000,   0.80000,
,,,58.400000000000,  -0.80000,
,,,58.440000000000,   0.80000,
,,,58.480000000000,  -0.80000,
,,,58.520000000000,   1.20000,
,,,58.560000000000,  -0.80000,
,,,58.600000000000,   1.20000,
,,,58.640000000000,  -0.40000,
,,,58.680000000000,   0.80000,
,,,58.720000000000,  -0.80000,
,,,58.760000000000,   1.20000,
,,,58.800000000000,  -0.80000,
,,,58.840000000000,   0.80000,
,,,58.880000000000,  -0.80000,
,,,58.920000000000,   1.20000,
,,,58.960000000000,  -0.80000,
,,,59.000000000000,   1.20000,
,,,59.040000000000,  -0.80000,
,,,59.080000000000,   1.20000,
,,,59.120000000000,  -0.80000,
,,,59.160000000000,   0.80000,
,,,59.200000000000,  -0.80000,
,,,59.240000000000,   1.20000,
,,,59.280000000000,  -0.80000,
,,,59.320000000000,   1.20000,
,,,59.360000000000,  -0.80000,
,,,59.400000000000,   1.20000,
,,,59.440000000000,  -0.80000,
,,,59.480000000000,   0.80000,
,,,59.520000000000,  -0.80000,
,,,59.560000000000,   0.80000,
,,,59.600000000000,  -0.40000,
,,,59.640000000000,   0.80000,
,,,59.680000000000,  -0.80000,
,,,59.720000000000,   0.80000,
,,,59.760000000000,  -0.80000,
,,,59.800000000000,   1.20000,
,,,59.840000000000,  -0.80000,
,,,59.880000000000,   1.20000,
,,,59.920000000000,  -0.80000,
,,,59.960000000000,   1.20000,
,,,60.000000000000,  -0.80000,
,,,60.040000000000,   1.20000,
,,,60.080000000000,  -0.80000,
,,,60.120000000000,   0.80000,
,,,60.160000000000,  -0.80000,
,,,60.200000000000,   1.20000,
,,,60.240000000000,  -0.80000,
,,,60.280000000000,   1.20000,
,,,60.320000000000,  -0.80000,
,,,60.360000000000,   0.80000,
,,,60.400000000000,  -0.80000,
,,,60.440000000000,   1.20000,
,,,60.480000000000,  -0.80000,
,,,60.520000000000,   1.20000,
,,,60.560000000000,  -0.80000,
,,,60.600000000000,   1.20000,
,,,60.640000000000,  -0.80000,
,,,60.680000000000,   0.80000,
,,,60.720000000000,  -0.80000,
,,,60.760000000000,   1.20000,
,,,60.800000000000,  -0.80000,
,,,60.840000000000,   0.80000,
,,,60.880000000000,  -0.80000,
,,,60.920000000000,   0.80000,
,,,60.960000000000,  -0.80000,
,,,61.000000000000,   1.20000,
,,,61.040000000000,  -0.80000,
,,,61.080000000000,   1.20000,
,,,61.120000000000,  -0.80000,
,,,61.160000000000,   0.80000,
,,,61.200000000000,  -0.80000,
,,,61.240000000000,   0.80000,
,,,61.280000000000,  -0.80000,
,,,61.320000000000,   1.20000,
,,,61.360000000000,  -0.80000,
,,,61.400000000000,   1.20000,
,,,61.440000000000,  -0.80000,
,,,61.480000000000,   1.20000,
,,,61.520000000000,  -0.80000,
,,,61.560000000000,   1.20000,
,,,61.600000000000,  -0.80000,
,,,61.640000000000,   1.20000,
,,,61.680000000000,  -0.80000,
,,,61.720000000000,   1.20000,
,,,61.760000000000,  -0.80000,
,,,61.800000000000,   0.80000,
,,,61.840000000000,  -0.80000,
,,,61.880000000000,   0.80000,
,,,61.920000000000,  -0.80000,
,,,61.960000000000,   1.20000,
,,,62.000000000000,  -0.80000,
,,,62.040000000000,   1.20000,
,,,62.080000000000,  -0.80000,
,,,62.120000000000,   0.80000,
,,,62.160000000000,  -0.80000,
,,,62.200000000000,   1.20000,
,,,62.240000000000,  -0.80000,
,,,62.280000000000,   1.20000,
,,,62.320000000000,  -0.80000,
,,,62.360000000000,   1.20000,
,,,62.400000000000,  -0.80000,
,,,62.440000000000,   1.20000,
,,,62.480000000000,  -0.80000,
,,,62.520000000000,   1.20000,
,,,62.560000000000,  -0.80000,
,,,62.600000000000,   0.80000,
,,,62.640000000000,  -0.80000,
,,,62.680000000000,   1.20000,
,,,62.720000000000,  -0.80000,
,,,62.760000000000,   0.80000,
,,,62.800000000000,  -0.80000,
,,,62.840000000000,   0.80000,
,,,62.880000000000,  -0.80000,
,,,62.920000000000,   1.20000,
,,,62.960000000000,  -0.80000,
,,,63.000000000000,   0.80000,
,,,63.040000000000,  -0.80000,
,,,63.080000000000,   1.20000,
,,,63.120000000000,  -0.80000,
,,,63.160000000000,   0.80000,
,,,63.200000000000,  -0.80000,
,,,63.240000000000,   0.80000,
,,,63.280000000000,  -0.80000,
,,,63.320000000000,   1.20000,
,,,63.360000000000,  -0.80000,
,,,63.400000000000,   1.20000,
,,,63.440000000000,  -0.80000,
,,,63.480000000000,   0.80000,
,,,63.520000000000,  -0.80000,
,,,63.560000000000,   1.20000,
,,,63.600000000000,  -0.80000,
,,,63.640000000000,   1.20000,
,,,63.680000000000,  -0.80000,
,,,63.720000000000,   1.20000,
,,,63.760000000000,  -0.80000,
,,,63.800000000000,   1.20000,
,,,63.840000000000,  -0.80000,
,,,63.880000000000,   1.20000,
,,,63.920000000000,  -0.80000,
,,,63.960000000000,   1.20000,
,,,64.000000000000,  -0.80000,
,,,64.040000000000,   1.20000,
,,,64.080000000000,  -0.80000,
,,,64.120000000000,   0.80000,
,,,64.160000000000,  -0.80000,
,,,64.200000000000,   0.80000,
,,,64.240000000000,  -0.80000,
,,,64.280000000000,   0.80000,
,,,64.320000000000,  -0.80000,
,,,64.360000000000,   0.80000,
,,,64.400000000000,  -0.80000,
,,,64.440000000000,   0.80000,
,,,64.480000000000,  -0.80000,
,,,64.520000000000,   0.80000,
,,,64.560000000000,  -0.80000,
,,,64.600000000000,   0.80000,
,,,64.640000000000,  -0.80000,
,,,64.680000000000,   1.20000,
,,,64.720000000000,  -0.80000,
,,,64.760000000000,   0.80000,
,,,64.800000000000,  -0.80000,
,,,64.840000000000,   1.20000,
,,,64.880000000000,  -0.80000,
,,,64.920000000000,   0.80000,
,,,64.960000000000,  -0.80000,
,,,65.000000000000,   1.20000,
,,,65.040000000000,  -0.80000,
,,,65.080000000000,   0.80000,
,,,65.120000000000,  -0.80000,
,,,65.160000000000,   1.20000,
,,,65.200000000000,  -0.80000,
,,,65.240000000000,   1.20000,
,,,65.280000000000,  -0.80000,
,,,65.320000000000,   1.20000,
,,,65.360000000000,  -0.80000,
,,,65.400000000000,   1.20000,
,,,65.440000000000,  -0.80000,
,,,65.480000000000,   1.20000,
,,,65.520000000000,  -0.80000,
,,,65.560000000000,   0.80000,
,,,65.600000000000,  -0.80000,
,,,65.640000000000,   1.20000,
,,,65.680000000000,  -0.80000,
,,,65.720000000000,   0.80000,
,,,65.760000000000,  -0.80000,
,,,65.800000000000,   0.80000,
,,,65.840000000000,  -0.80000,
,,,65.880000000000,   1.20000,
,,,65.920000000000,  -0.80000,
,,,65.960000000000,   0.80000,
,,,66.000000000000,  -0.80000,
,,,66.040000000000,   1.20000,
,,,66.080000000000,  -0.80000,
,,,66.120000000000,   1.20000,
,,,66.160000000000,  -0.80000,
,,,66.200000000000,   1.20000,
,,,66.240000000000,  -0.80000,
,,,66.280000000000,   0.80000,
,,,66.320000000000,  -0.80000,
,,,66.360000000000,   1.20000,
,,,66.400000000000,  -0.80000,
,,,66.440000000000,   0.80000,
,,,66.480000000000,  -1.20000,
,,,66.520000000000,   1.20000,
,,,66.560000000000,  -0.80000,
,,,66.600000000000,   0.80000,
,,,66.640000000000,  -1.20000,
,,,66.680000000000,   1.20000,
,,,66.720000000000,  -0.80000,
,,,66.760000000000,   0.80000,
,,,66.800000000000,  -0.80000,
,,,66.840000000000,   0.80000,
,,,66.880000000000,  -0.80000,
,,,66.920000000000,   1.20000,
,,,66.960000000000,  -0.80000,
,,,67.000000000000,   1.20000,
,,,67.040000000000,  -0.80000,
,,,67.080000000000,   0.80000,
,,,67.120000000000,  -0.80000,
,,,67.160000000000,   1.20000,
,,,67.200000000000,  -0.80000,
,,,67.240000000000,   0.80000,
,,,67.280000000000,  -1.20000,
,,,67.320000000000,   1.20000,
,,,67.360000000000,  -0.80000,
,,,67.400000000000,   1.20000,
,,,67.440000000000,  -0.80000,
,,,67.480000000000,   1.20000,
,,,67.520000000000,  -0.80000,
,,,67.560000000000,   1.20000,
,,,67.600000000000,  -0.80000,
,,,67.640000000000,   1.20000,
,,,67.680000000000,  -0.80000,
,,,67.720000000000,   1.20000,
,,,67.760000000000,  -0.80000,
,,,67.800000000000,   1.20000,
,,,67.840000000000,  -0.80000,
,,,67.880000000000,   1.20000,
,,,67.920000000000,  -0.80000,
,,,67.960000000000,   1.20000,
,,,68.000000000000,  -0.80000,
,,,68.040000000000,   1.20000,
,,,68.080000000000,  -0.80000,
,,,68.120000000000,   0.80000,
,,,68.160000000000,  -0.80000,
,,,68.200000000000,   0.80000,
,,,68.240000000000,  -0.80000,
,,,68.280000000000,   1.20000,
,,,68.320000000000,  -0.80000,
,,,68.360000000000,   1.20000,
,,,68.400000000000,  -0.80000,
,,,68.440000000000,   1.20000,
,,,68.480000000000,  -0.80000,
,,,68.520000000000,   0.80000,
,,,68.560000000000,  -0.80000,
,,,68.600000000000,   0.80000,
,,,68.640000000000,  -0.80000,
,,,68.680000000000,   1.20000,
,,,68.720000000000,  -0.80000,
,,,68.760000000000,   1.20000,
,,,68.800000000000,  -0.80000,
,,,68.840000000000,   1.20000,
,,,68.880000000000,  -0.80000,
,,,68.920000000000,   1.20000,
,,,68.960000000000,  -0.80000,
,,,69.000000000000,   0.80000,
,,,69.040000000000,  -0.80000,
,,,69.080000000000,   1.20000,
,,,69.120000000000,  -0.80000,
,,,69.160000000000,   0.80000,
,,,69.200000000000,  -0.80000,
,,,69.240000000000,   0.80000,
,,,69.280000000000,  -0.80000,
,,,69.320000000000,   1.20000,
,,,69.360000000000,  -0.80000,
,,,69.400000000000,   0.80000,
,,,69.440000000000,  -0.80000,
,,,69.480000000000,   0.80000,
,,,69.520000000000,  -0.80000,
,,,69.560000000000,   1.20000,
,,,69.600000000000,  -0.80000,
,,,69.640000000000,   0.80000,
,,,69.680000000000,  -0.80000,
,,,69.720000000000,   0.80000,
,,,69.760000000000,  -0.80000,
,,,69.800000000000,   1.20000,
,,,69.840000000000,  -0.80000,
,,,69.880000000000,   1.20000,
,,,69.920000000000,  -0.80000,
,,,69.960000000000,   0.80000,
,,,70.000000000000,  -0.80000,
,,,70.040000000000,   0.80000,
,,,70.080000000000,  -0.80000,
,,,70.120000000000,   1.20000,
,,,70.160000000000,  -0.80000,
,,,70.200000000000,   1.20000,
,,,70.240000000000,  -0.80000,
,,,70.280000000000,   1.20000,
,,,70.320000000000,  -0.80000,
,,,70.360000000000,   1.20000,
,,,70.400000000000,  -0.80000,
,,,70.440000000000,   1.20000,
,,,70.480000000000,  -0.80000,
,,,70.520000000000,   0.80000,
,,,70.560000000000,  -0.80000,
,,,70.600000000000,   0.80000,
,,,70.640000000000,  -0.80000,
,,,70.680000000000,   0.80000,
,,,70.720000000000,  -1.20000,
,,,70.760000000000,   1.20000,
,,,70.800000000000,  -0.80000,
,,,70.840000000000,   1.20000,
,,,70.880000000000,  -0.80000,
,,,70.920000000000,   1.20000,
,,,70.960000000000,  -0.80000,
,,,71.000000000000,   1.20000,
,,,71.040000000000,  -0.80000,
,,,71.080000000000,   1.20000,
,,,71.120000000000,  -0.80000,
,,,71.160000000000,   1.20000,
,,,71.200000000000,  -0.80000,
,,,71.240000000000,   1.20000,
,,,71.280000000000,  -0.80000,
,,,71.320000000000,   1.20000,
,,,71.360000000000,  -0.80000,
,,,71.400000000000,   1.20000,
,,,71.440000000000,  -0.80000,
,,,71.480000000000,   0.80000,
,,,71.520000000000,  -0.80000,
,,,71.560000000000,   1.20000,
,,,71.600000000000,  -0.80000,
,,,71.640000000000,   1.20000,
,,,71.680000000000,  -4.00000,
,,,71.720000000000,  39.20000,
,,,71.760000000000,  -0.80000,
,,,71.800000000000,   1.20000,
,,,71.840000000000,  -0.80000,
,,,71.880000000000,   1.20000,
,,,71.920000000000,  -0.80000,
,,,71.960000000000,   1.20000,
,,,72.000000000000,  -0.80000,
,,,72.040000000000,   1.20000,
,,,72.080000000000,  -0.80000,
,,,72.120000000000,   0.80000,
,,,72.160000000000,  -0.80000,
,,,72.200000000000,   1.20000,
,,,72.240000000000,  -0.80000,
,,,72.280000000000,   1.20000,
,,,72.320000000000,  -0.80000,
,,,72.360000000000,   1.20000,
,,,72.400000000000,  -0.80000,
,,,72.440000000000,   1.20000,
,,,72.480000000000,  -0.80000,
,,,72.520000000000,   1.20000,
,,,72.560000000000,  -0.80000,
,,,72.600000000000,   1.20000,
,,,72.640000000000,  -0.40000,
,,,72.680000000000,   1.20000,
,,,72.720000000000,  -0.80000,
,,,72.760000000000,   1.20000,
,,,72.800000000000,  -1.20000,
,,,72.840000000000,   1.20000,
,,,72.880000000000,  -0.80000,
,,,72.920000000000,   0.80000,
,,,72.960000000000,  -0.80000,
,,,73.000000000000,   1.20000,
,,,73.040000000000,  -0.80000,
,,,73.080000000000,   1.20000,
,,,73.120000000000,  -0.80000,
,,,73.160000000000,   1.20000,
,,,73.200000000000,  -0.80000,
,,,73.240000000000,   0.80000,
,,,73.280000000000,  -0.80000,
,,,73.320000000000,   1.20000,
,,,73.360000000000,  -0.80000,
,,,73.400000000000,   1.20000,
,,,73.440000000000,  -0.80000,
,,,73.480000000000,   0.80000,
,,,73.520000000000,  -0.80000,
,,,73.560000000000,   1.20000,
,,,73.600000000000,  -0.80000,
,,,73.640000000000,   0.80000,
,,,73.680000000000,  -0.80000,
,,,73.720000000000,   1.20000,
,,,73.760000000000,  -0.80000,
,,,73.800000000000,   1.20000,
,,,73.840000000000,  -0.80000,
,,,73.880000000000,   0.80000,
,,,73.920000000000,  -0.80000,
,,,73.960000000000,   1.20000,
,,,74.000000000000,  -0.80000,
,,,74.040000000000,   0.80000,
,,,74.080000000000,  -0.80000,
,,,74.120000000000,   0.80000,
,,,74.160000000000,  -4.40000,
,,,74.200000000000,  45.60000,
,,,74.240000000000,  -0.80000,
,,,74.280000000000,   1.20000,
,,,74.320000000000,  -0.80000,
,,,74.360000000000,   1.20000,
,,,74.400000000000,  -0.80000,
,,,74.440000000000,   1.20000,
,,,74.480000000000,  -0.80000,
,,,74.520000000000,   0.80000,
,,,74.560000000000,  -0.80000,
,,,74.600000000000,   1.20000,
,,,74.640000000000,  -0.80000,
,,,74.680000000000,   1.20000,
,,,74.720000000000,  -0.80000,
,,,74.760000000000,   0.80000,
,,,74.800000000000,  -0.80000,
,,,74.840000000000,   1.20000,
,,,74.880000000000,  -0.80000,
,,,74.920000000000,   1.20000,
,,,74.960000000000,  -0.80000,
,,,75.000000000000,   1.20000,
,,,75.040000000000,  -0.80000,
,,,75.080000000000,   1.20000,
,,,75.120000000000,  -0.80000,
,,,75.160000000000,   1.20000,
,,,75.200000000000,  -0.80000,
,,,75.240000000000,   0.80000,
,,,75.280000000000,  -0.80000,
,,,75.320000000000,   1.20000,
,,,75.360000000000,  -0.80000,
,,,75.400000000000,   1.20000,
,,,75.440000000000,  -0.80000,
,,,75.480000000000,   1.20000,
,,,75.520000000000,  -0.80000,
,,,75.560000000000,   1.20000,
,,,75.600000000000,  -0.80000,
,,,75.640000000000,   0.80000,
,,,75.680000000000,  -0.80000,
,,,75.720000000000,   0.80000,
,,,75.760000000000,  -0.80000,
,,,75.800000000000,   1.20000,
,,,75.840000000000,  -0.80000,
,,,75.880000000000,   0.80000,
,,,75.920000000000,  -0.80000,
,,,75.960000000000,   0.80000,
,,,76.000000000000,  -0.80000,
,,,76.040000000000,   0.80000,
,,,76.080000000000,  -0.80000,
,,,76.120000000000,   1.20000,
,,,76.160000000000,  -0.80000,
,,,76.200000000000,   1.20000,
,,,76.240000000000,  -0.80000,
,,,76.280000000000,   1.20000,
,,,76.320000000000,  -0.80000,
,,,76.360000000000,   0.80000,
,,,76.400000000000,  -0.80000,
,,,76.440000000000,   1.20000,
,,,76.480000000000,  -0.80000,
,,,76.520000000000,   0.80000,
,,,76.560000000000,  -0.80000,
,,,76.600000000000,   1.20000,
,,,76.640000000000,  -0.80000,
,,,76.680000000000,   1.20000,
,,,76.720000000000,  -0.80000,
,,,76.760000000000,   0.80000,
,,,76.800000000000,  -0.80000,
,,,76.840000000000,   0.80000,
,,,76.880000000000,  -0.80000,
,,,76.920000000000,   1.20000,
,,,76.960000000000,  -0.80000,
,,,77.000000000000,   1.20000,
,,,77.040000000000,  -0.80000,
,,,77.080000000000,   1.20000,
,,,77.120000000000,  -0.80000,
,,,77.160000000000,   1.20000,
,,,77.200000000000,  -0.80000,
,,,77.240000000000,   1.20000,
,,,77.280000000000,  -0.80000,
,,,77.320000000000,   0.80000,
,,,77.360000000000,  -0.80000,
,,,77.400000000000,   0.80000,
,,,77.440000000000,  -0.80000,
,,,77.480000000000,   0.80000,
,,,77.520000000000,  -0.80000,
,,,77.560000000000,   0.80000,
,,,77.600000000000,  -0.80000,
,,,77.640000000000,   1.20000,
,,,77.680000000000,  -0.80000,
,,,77.720000000000,   0.80000,
,,,77.760000000000,  -0.80000,
,,,77.800000000000,   1.20000,
,,,77.840000000000,  -0.80000,
,,,77.880000000000,   0.80000,
,,,77.920000000000,  -0.80000,
,,,77.960000000000,   1.20000,
,,,78.000000000000,  -0.80000,
,,,78.040000000000,   1.20000,
,,,78.080000000000,  -0.80000,
,,,78.120000000000,   1.20000,
,,,78.160000000000,  -0.80000,
,,,78.200000000000,   1.20000,
,,,78.240000000000,  -0.80000,
,,,78.280000000000,   0.80000,
,,,78.320000000000,  -0.80000,
,,,78.360000000000,   1.20000,
,,,78.400000000000,  -0.80000,
,,,78.440000000000,   1.20000,
,,,78.480000000000,  -0.80000,
,,,78.520000000000,   1.20000,
,,,78.560000000000,  -0.80000,
,,,78.600000000000,   1.20000,
,,,78.640000000000,  -0.80000,
,,,78.680000000000,   1.20000,
,,,78.720000000000,  -0.80000,
,,,78.760000000000,   0.80000,
,,,78.800000000000,  -0.80000,
,,,78.840000000000,   1.20000,
,,,78.880000000000,  -0.80000,
,,,78.920000000000,   1.20000,
,,,78.960000000000,  -0.80000,
,,,79.000000000000,   0.80000,
,,,79.040000000000,  -0.80000,
,,,79.080000000000,   0.80000,
,,,79.120000000000,  -1.20000,
,,,79.160000000000,   1.20000,
,,,79.200000000000,  -0.80000,
,,,79.240000000000,   1.20000,
,,,79.280000000000,  -0.80000,
,,,79.320000000000,   1.20000,
,,,79.360000000000,  -0.80000,
,,,79.400000000000,   1.20000,
,,,79.440000000000,  -0.80000,
,,,79.480000000000,   0.80000,
,,,79.520000000000,  -0.80000,
,,,79.560000000000,   1.20000,
,,,79.600000000000,  -0.80000,
,,,79.640000000000,   1.20000,
,,,79.680000000000,  -0.80000,
,,,79.720000000000,   1.20000,
,,,79.760000000000,  -0.80000,
,,,79.800000000000,   1.20000,
,,,79.840000000000,  -0.80000,
,,,79.880000000000,   0.80000,
,,,79.920000000000,  -0.80000,
,,,79.960000000000,   1.20000,
,,,80.000000000000,  -0.80000,
,,,80.040000000000,   1.20000,
,,,80.080000000000,  -0.80000,
,,,80.120000000000,   1.20000,
,,,80.160000000000,  -0.80000,
,,,80.200000000000,   1.20000,
,,,80.240000000000,  -0.80000,
,,,80.280000000000,   0.80000,
,,,80.320000000000,  -0.80000,
,,,80.360000000000,   1.20000,
,,,80.400000000000,  -0.80000,
,,,80.440000000000,   1.20000,
,,,80.480000000000,  -0.80000,
,,,80.520000000000,   1.20000,
,,,80.560000000000,  -0.80000,
,,,80.600000000000,   1.20000,
,,,80.640000000000,  -0.80000,
,,,80.680000000000,   1.20000,
,,,80.720000000000,  -0.80000,
,,,80.760000000000,   1.20000,
,,,80.800000000000,  -0.80000,
,,,80.840000000000,   1.20000,
,,,80.880000000000,  -0.80000,
,,,80.920000000000,   1.20000,
,,,80.960000000000,  -0.80000,
,,,81.000000000000,   1.20000,
,,,81.040000000000,  -0.80000,
,,,81.080000000000,   0.80000,
,,,81.120000000000,  -0.80000,
,,,81.160000000000,   0.80000,
,,,81.200000000000,  -0.80000,
,,,81.240000000000,   1.20000,
,,,81.280000000000,  -0.80000,
,,,81.320000000000,   0.80000,
,,,81.360000000000,  -0.80000,
,,,81.400000000000,   0.80000,
,,,81.440000000000,  -0.80000,
,,,81.480000000000,   1.20000,
,,,81.520000000000,  -0.80000,
,,,81.560000000000,   1.20000,
,,,81.600000000000,  -0.80000,
,,,81.640000000000,   0.80000,
,,,81.680000000000,  -0.80000,
,,,81.720000000000,   0.80000,
,,,81.760000000000,  -0.80000,
,,,81.800000000000,   1.20000,
,,,81.840000000000,  -0.80000,
,,,81.880000000000,   1.20000,
,,,81.920000000000,  -0.80000,
,,,81.960000000000,   1.20000,
,,,82.000000000000,  -0.80000,
,,,82.040000000000,   1.20000,
,,,82.080000000000,  -0.80000,
,,,82.120000000000,   1.20000,
,,,82.160000000000,  -0.80000,
,,,82.200000000000,   1.20000,
,,,82.240000000000,  -0.80000,
,,,82.280000000000,   1.20000,
,,,82.320000000000,  -0.80000,
,,,82.360000000000,   1.20000,
,,,82.400000000000,  -0.80000,
,,,82.440000000000,   1.20000,
,,,82.480000000000,  -0.80000,
,,,82.520000000000,   1.20000,
,,,82.560000000000,  -0.80000,
,,,82.600000000000,   1.20000,
,,,82.640000000000,  -0.80000,
,,,82.680000000000,   0.80000,
,,,82.720000000000,  -0.80000,
,,,82.760000000000,   1.20000,
,,,82.800000000000,  -0.80000,
,,,82.840000000000,   1.20000,
,,,82.880000000000,  -0.80000,
,,,82.920000000000,   0.80000,
,,,82.960000000000,  -0.80000,
,,,83.000000000000,   1.20000,
,,,83.040000000000,  -0.80000,
,,,83.080000000000,   1.20000,
,,,83.120000000000,  -0.80000,
,,,83.160000000000,   0.80000,
,,,83.200000000000,  -0.80000,
,,,83.240000000000,   1.20000,
,,,83.280000000000,  -0.80000,
,,,83.320000000000,   1.20000,
,,,83.360000000000,  -0.80000,
,,,83.400000000000,   0.80000,
,,,83.440000000000,  -0.80000,
,,,83.480000000000,   1.20000,
,,,83.520000000000,  -0.80000,
,,,83.560000000000,   1.20000,
,,,83.600000000000,  -0.80000,
,,,83.640000000000,   0.80000,
,,,83.680000000000,  -0.80000,
,,,83.720000000000,   1.20000,
,,,83.760000000000,  -0.80000,
,,,83.800000000000,   1.20000,
,,,83.840000000000,  -0.80000,
,,,83.880000000000,   1.20000,
,,,83.920000000000,  -0.80000,
,,,83.960000000000,   1.20000,
,,,84.000000000000,  -0.80000,
,,,84.040000000000,   1.20000,
,,,84.080000000000,  -0.80000,
,,,84.120000000000,   1.20000,
,,,84.160000000000,  -0.80000,
,,,84.200000000000,   1.20000,
,,,84.240000000000,  -0.80000,
,,,84.280000000000,   1.20000,
,,,84.320000000000,  -0.80000,
,,,84.360000000000,   0.80000,
,,,84.400000000000,  -0.80000,
,,,84.440000000000,   0.80000,
,,,84.480000000000,  -0.80000,
,,,84.520000000000,   1.20000,
,,,84.560000000000,  -0.80000,
,,,84.600000000000,   1.20000,
,,,84.640000000000,  -0.80000,
,,,84.680000000000,   0.80000,
,,,84.720000000000,  -0.80000,
,,,84.760000000000,   1.20000,
,,,84.800000000000,  -0.80000,
,,,84.840000000000,   1.20000,
,,,84.880000000000,  -0.80000,
,,,84.920000000000,   1.20000,
,,,84.960000000000,  -0.80000,
,,,85.000000000000,   1.20000,
,,,85.040000000000,  -0.80000,
,,,85.080000000000,   1.20000,
,,,85.120000000000,  -0.80000,
,,,85.160000000000,   1.20000,
,,,85.200000000000,  -0.80000,
,,,85.240000000000,   1.20000,
,,,85.280000000000,  -0.80000,
,,,85.320000000000,   0.80000,
,,,85.360000000000,  -0.80000,
,,,85.400000000000,   0.80000,
,,,85.440000000000,  -0.80000,
,,,85.480000000000,   0.80000,
,,,85.520000000000,  -0.80000,
,,,85.560000000000,   0.80000,
,,,85.600000000000,  -0.80000,
,,,85.640000000000,   0.80000,
,,,85.680000000000,  -0.80000,
,,,85.720000000000,   1.20000,
,,,85.760000000000,  -0.80000,
,,,85.800000000000,   1.20000,
,,,85.840000000000,  -0.80000,
,,,85.880000000000,   0.80000,
,,,85.920000000000,  -0.80000,
,,,85.960000000000,   0.80000,
,,,86.000000000000,  -0.80000,
,,,86.040000000000,   1.20000,
,,,86.080000000000,  -0.80000,
,,,86.120000000000,   1.20000,
,,,86.160000000000,  -0.80000,
,,,86.200000000000,   0.80000,
,,,86.240000000000,  -0.80000,
,,,86.280000000000,   0.80000,
,,,86.320000000000,  -0.80000,
,,,86.360000000000,   1.20000,
,,,86.400000000000,  -0.80000,
,,,86.440000000000,   1.20000,
,,,86.480000000000,  -0.80000,
,,,86.520000000000,   1.20000,
,,,86.560000000000,  -1.20000,
,,,86.600000000000,   7.20000,
,,,86.640000000000,  -0.80000,
,,,86.680000000000,   1.20000,
,,,86.720000000000,  -0.80000,
,,,86.760000000000,   1.20000,
,,,86.800000000000,  -0.80000,
,,,86.840000000000,   0.80000,
,,,86.880000000000,  -0.80000,
,,,86.920000000000,   0.80000,
,,,86.960000000000,  -0.80000,
,,,87.000000000000,   0.80000,
,,,87.040000000000,  -0.80000,
,,,87.080000000000,   1.20000,
,,,87.120000000000,  -0.80000,
,,,87.160000000000,   1.20000,
,,,87.200000000000,  -0.80000,
,,,87.240000000000,   0.80000,
,,,87.280000000000,  -0.80000,
,,,87.320000000000,   0.80000,
,,,87.360000000000,  -0.80000,
,,,87.400000000000,   0.80000,
,,,87.440000000000,  -0.80000,
,,,87.480000000000,   1.20000,
,,,87.520000000000,  -0.80000,
,,,87.560000000000,   0.80000,
,,,87.600000000000,  -0.80000,
,,,87.640000000000,   0.80000,
,,,87.680000000000,  -0.80000,
,,,87.720000000000,   1.20000,
,,,87.760000000000,  -0.80000,
,,,87.800000000000,   0.80000,
,,,87.840000000000,  -0.80000,
,,,87.880000000000,   1.20000,
,,,87.920000000000,  -0.80000,
,,,87.960000000000,   0.80000,
,,,88.000000000000,  -0.80000,
,,,88.040000000000,   1.20000,
,,,88.080000000000,  -0.80000,
,,,88.120000000000,   1.20000,
,,,88.160000000000,  -0.80000,
,,,88.200000000000,   1.20000,
,,,88.240000000000,  -0.80000,
,,,88.280000000000,   0.80000,
,,,88.320000000000,  -0.80000,
,,,88.360000000000,   0.80000,
,,,88.400000000000,  -0.80000,
,,,88.440000000000,   1.20000,
,,,88.480000000000,  -0.80000,
,,,88.520000000000,   1.20000,
,,,88.560000000000,  -0.80000,
,,,88.600000000000,   1.20000,
,,,88.640000000000,  -0.80000,
,,,88.680000000000,   0.80000,
,,,88.720000000000,  -0.80000,
,,,88.760000000000,   0.80000,
,,,88.800000000000,  -0.80000,
,,,88.840000000000,   0.80000,
,,,88.880000000000,  -0.80000,
,,,88.920000000000,   1.20000,
,,,88.960000000000,  -0.80000,
,,,89.000000000000,   1.20000,
,,,89.040000000000,  -0.80000,
,,,89.080000000000,   1.20000,
,,,89.120000000000,  -0.80000,
,,,89.160000000000,   1.20000,
,,,89.200000000000,  -0.80000,
,,,89.240000000000,   1.20000,
,,,89.280000000000,  -0.80000,
,,,89.320000000000,   1.20000,
,,,89.360000000000,  -0.80000,
,,,89.400000000000,   1.20000,
,,,89.440000000000,  -0.80000,
,,,89.480000000000,   1.20000,
,,,89.520000000000,  -0.80000,
,,,89.560000000000,   1.20000,
,,,89.600000000000,  -0.80000,
,,,89.640000000000,   1.20000,
,,,89.680000000000,  -0.80000,
,,,89.720000000000,   0.80000,
,,,89.760000000000,  -0.80000,
,,,89.800000000000,   0.80000,
,,,89.840000000000,  -0.80000,
,,,89.880000000000,   1.20000,
,,,89.920000000000,  -0.80000,
,,,89.960000000000,   1.20000,
,,,90.000000000000,  -0.80000,
,,,90.040000000000,   0.80000,
,,,90.080000000000,  -0.80000,
,,,90.120000000000,   1.20000,
,,,90.160000000000,  -0.80000,
,,,90.200000000000,   1.20000,
,,,90.240000000000,  -0.80000,
,,,90.280000000000,   1.20000,
,,,90.320000000000,  -0.80000,
,,,90.360000000000,   1.20000,
,,,90.400000000000,  -0.80000,
,,,90.440000000000,   1.20000,
,,,90.480000000000,  -0.80000,
,,,90.520000000000,   1.20000,
,,,90.560000000000,  -0.80000,
,,,90.600000000000,   1.20000,
,,,90.640000000000,  -0.80000,
,,,90.680000000000,   0.80000,
,,,90.720000000000,  -0.80000,
,,,90.760000000000,   0.80000,
,,,90.800000000000,  -0.80000,
,,,90.840000000000,   0.80000,
,,,90.880000000000,  -0.80000,
,,,90.920000000000,   1.20000,
,,,90.960000000000,  -0.80000,
,,,91.000000000000,   1.20000,
,,,91.040000000000,  -0.80000,
,,,91.080000000000,   1.20000,
,,,91.120000000000,  -0.80000,
,,,91.160000000000,   1.20000,
,,,91.200000000000,  -0.80000,
,,,91.240000000000,   0.80000,
,,,91.280000000000,  -0.80000,
,,,91.320000000000,   0.80000,
,,,91.360000000000,  -0.80000,
,,,91.400000000000,   1.20000,
,,,91.440000000000,  -0.80000,
,,,91.480000000000,   1.20000,
,,,91.520000000000,  -0.80000,
,,,91.560000000000,   1.20000,
,,,91.600000000000,  -0.80000,
,,,91.640000000000,   1.20000,
,,,91.680000000000,  -0.80000,
,,,91.720000000000,   1.20000,
,,,91.760000000000,  -0.80000,
,,,91.800000000000,   1.20000,
,,,91.840000000000,  -0.80000,
,,,91.880000000000,   0.80000,
,,,91.920000000000,  -0.80000,
,,,91.960000000000,   0.80000,
,,,92.000000000000,  -0.80000,
,,,92.040000000000,   1.20000,
,,,92.080000000000,  -0.80000,
,,,92.120000000000,   0.80000,
,,,92.160000000000,  -0.80000,
,,,92.200000000000,   0.80000,
,,,92.240000000000,  -0.80000,
,,,92.280000000000,   1.20000,
,,,92.320000000000,  -0.80000,
,,,92.360000000000,   1.20000,
,,,92.400000000000,  -0.80000,
,,,92.440000000000,   1.20000,
,,,92.480000000000,  -0.80000,
,,,92.520000000000,   0.80000,
,,,92.560000000000,  -0.80000,
,,,92.600000000000,   0.80000,
,,,92.640000000000,  -0.80000,
,,,92.680000000000,   1.20000,
,,,92.720000000000,  -0.80000,
,,,92.760000000000,   1.20000,
,,,92.800000000000,  -0.80000,
,,,92.840000000000,   1.20000,
,,,92.880000000000,  -0.80000,
,,,92.920000000000,   1.20000,
,,,92.960000000000,  -0.80000,
,,,93.000000000000,   1.20000,
,,,93.040000000000,  -0.80000,
,,,93.080000000000,   0.80000,
,,,93.120000000000,  -0.80000,
,,,93.160000000000,   0.80000,
,,,93.200000000000,  -0.80000,
,,,93.240000000000,   1.20000,
,,,93.280000000000,  -0.80000,
,,,93.320000000000,   0.80000,
,,,93.360000000000,  -0.80000,
,,,93.400000000000,   1.20000,
,,,93.440000000000,  -0.80000,
,,,93.480000000000,   1.20000,
,,,93.520000000000,  -0.80000,
,,,93.560000000000,   1.20000,
,,,93.600000000000,  -0.80000,
,,,93.640000000000,   1.20000,
,,,93.680000000000,  -0.80000,
,,,93.720000000000,   1.20000,
,,,93.760000000000,  -0.80000,
,,,93.800000000000,   0.80000,
,,,93.840000000000,  -0.80000,
,,,93.880000000000,   1.20000,
,,,93.920000000000,  -0.80000,
,,,93.960000000000,   1.20000,
,,,94.000000000000,  -0.80000,
,,,94.040000000000,   1.20000,
,,,94.080000000000,  -0.80000,
,,,94.120000000000,   0.80000,
,,,94.160000000000,  -1.20000,
,,,94.200000000000,   0.80000,
,,,94.240000000000,  -0.80000,
,,,94.280000000000,   1.20000,
,,,94.320000000000,  -0.80000,
,,,94.360000000000,   0.80000,
,,,94.400000000000,  -0.80000,
,,,94.440000000000,   1.20000,
,,,94.480000000000,  -0.80000,
,,,94.520000000000,   1.20000,
,,,94.560000000000,  -0.80000,
,,,94.600000000000,   0.80000,
,,,94.640000000000,  -0.80000,
,,,94.680000000000,   0.80000,
,,,94.720000000000,  -0.80000,
,,,94.760000000000,   0.80000,
,,,94.800000000000,  -0.80000,
,,,94.840000000000,   1.20000,
,,,94.880000000000,  -0.80000,
,,,94.920000000000,   1.20000,
,,,94.960000000000,  -0.80000,
,,,95.000000000000,   1.20000,
,,,95.040000000000,  -0.80000,
,,,95.080000000000,   1.20000,
,,,95.120000000000,  -0.80000,
,,,95.160000000000,   1.20000,
,,,95.200000000000,  -0.80000,
,,,95.240000000000,   1.20000,
,,,95.280000000000,  -0.80000,
,,,95.320000000000,   1.20000,
,,,95.360000000000,  -0.80000,
,,,95.400000000000,   0.80000,
,,,95.440000000000,  -0.80000,
,,,95.480000000000,   0.80000,
,,,95.520000000000,  -0.80000,
,,,95.560000000000,   1.20000,
,,,95.600000000000,  -0.80000,
,,,95.640000000000,   1.20000,
,,,95.680000000000,  -0.80000,
,,,95.720000000000,   1.20000,
,,,95.760000000000,  -0.80000,
,,,95.800000000000,   0.80000,
,,,95.840000000000,  -0.80000,
,,,95.880000000000,   0.80000,
,,,95.920000000000,  -0.80000,
,,,95.960000000000,   1.20000,
,,,96.000000000000,  -0.80000,
,,,96.040000000000,   1.20000,
,,,96.080000000000,  -0.80000,
,,,96.120000000000,   1.20000,
,,,96.160000000000,  -0.80000,
,,,96.200000000000,   0.80000,
,,,96.240000000000,  -0.80000,
,,,96.280000000000,   1.20000,
,,,96.320000000000,  -0.80000,
,,,96.360000000000,   0.80000,
,,,96.400000000000,  -3.60000,
,,,96.440000000000,  33.60000,
,,,96.480000000000,  -0.80000,
,,,96.520000000000,   1.20000,
,,,96.560000000000,  -0.80000,
,,,96.600000000000,   1.20000,
,,,96.640000000000,  -0.80000,
,,,96.680000000000,   0.80000,
,,,96.720000000000,  -0.80000,
,,,96.760000000000,   1.20000,
,,,96.800000000000,  -0.80000,
,,,96.840000000000,   1.20000,
,,,96.880000000000,  -0.80000,
,,,96.920000000000,   1.20000,
,,,96.960000000000,  -0.80000,
,,,97.000000000000,   1.20000,
,,,97.040000000000,  -0.80000,
,,,97.080000000000,   0.80000,
,,,97.120000000000,  -0.80000,
,,,97.160000000000,   0.80000,
,,,97.200000000000,  -0.80000,
,,,97.240000000000,   1.20000,
,,,97.280000000000,  -0.80000,
,,,97.320000000000,   1.20000,
,,,97.360000000000,  -0.40000,
,,,97.400000000000,   0.80000,
,,,97.440000000000,  -0.80000,
,,,97.480000000000,   0.80000,
,,,97.520000000000,  -0.80000,
,,,97.560000000000,   1.20000,
,,,97.600000000000,  -0.80000,
,,,97.640000000000,   1.20000,
,,,97.680000000000,  -0.80000,
,,,97.720000000000,   1.20000,
,,,97.760000000000,  -0.80000,
,,,97.800000000000,   0.80000,
,,,97.840000000000,  -0.80000,
,,,97.880000000000,   1.20000,
,,,97.920000000000,  -0.80000,
,,,97.960000000000,   1.20000,
,,,98.000000000000,  -0.80000,
,,,98.040000000000,   0.80000,
,,,98.080000000000,  -0.80000,
,,,98.120000000000,   0.80000,
,,,98.160000000000,  -0.80000,
,,,98.200000000000,   1.20000,
,,,98.240000000000,  -1.20000,
,,,98.280000000000,   1.20000,
,,,98.320000000000,  -0.80000,
,,,98.360000000000,   1.20000,
,,,98.400000000000,  -0.80000,
,,,98.440000000000,   1.20000,
,,,98.480000000000,  -0.80000,
,,,98.520000000000,   1.20000,
,,,98.560000000000,  -0.80000,
,,,98.600000000000,   1.20000,
,,,98.640000000000,  -4.00000,
,,,98.680000000000,  36.00000,
,,,98.720000000000,  -0.80000,
,,,98.760000000000,   1.20000,
,,,98.800000000000,  -0.80000,
,,,98.840000000000,   3.20000,
,,,98.880000000000,  -0.80000,
,,,98.920000000000,   1.20000,
,,,98.960000000000,  -0.80000,
,,,99.000000000000,   0.80000,
,,,99.040000000000,  -0.80000,
,,,99.080000000000,   1.20000,
,,,99.120000000000,  -0.80000,
,,,99.160000000000,   0.80000,
,,,99.200000000000,  -0.80000,
,,,99.240000000000,   1.20000,
,,,99.280000000000,  -0.80000,
,,,99.320000000000,   1.20000,
,,,99.360000000000,  -0.80000,
,,,99.400000000000,   1.20000,
,,,99.440000000000,  -0.80000,
,,,99.480000000000,   1.20000,
,,,99.520000000000,  -0.80000,
,,,99.560000000000,   0.80000,
,,,99.600000000000,  -0.80000,
,,,99.640000000000,   0.80000,
,,,99.680000000000,  -0.80000,
,,,99.720000000000,   0.80000,
,,,99.760000000000,  -0.80000,
,,,99.800000000000,   1.20000,
,,,99.840000000000,  -0.80000,
,,,99.880000000000,   0.80000,
,,,99.920000000000,  -0.80000,
,,,99.960000000000,   1.20000,
