x-axis,2
second,Volt
-17.63500E-03,+5.94974868E+00
-17.61000E-03,+5.94974868E+00
-17.58500E-03,+5.94974868E+00
-17.56000E-03,+5.94974868E+00
-17.53500E-03,+5.94974868E+00
-17.51000E-03,+5.94974868E+00
-17.48500E-03,+5.94974868E+00
-17.46000E-03,+5.94974868E+00
-17.43500E-03,+5.94974868E+00
-17.41000E-03,+5.94974868E+00
-17.38500E-03,+5.94974868E+00
-17.36000E-03,+5.94974868E+00
-17.33500E-03,+5.94974868E+00
-17.31000E-03,+5.94974868E+00
-17.28500E-03,+5.94974868E+00
-17.26000E-03,+5.94974868E+00
-17.23500E-03,+5.94974868E+00
-17.21000E-03,+5.94974868E+00
-17.18500E-03,+5.94974868E+00
-17.16000E-03,+5.94974868E+00
-17.13500E-03,+5.94974868E+00
-17.11000E-03,+5.94974868E+00
-17.08500E-03,+5.94974868E+00
-17.06000E-03,+5.94974868E+00
-17.03500E-03,+5.94974868E+00
-17.01000E-03,+5.94974868E+00
-16.98500E-03,+5.94974868E+00
-16.96000E-03,+5.94974868E+00
-16.93500E-03,+5.94974868E+00
-16.91000E-03,+5.94974868E+00
-16.88500E-03,+5.94974868E+00
-16.86000E-03,+5.94974868E+00
-16.83500E-03,+5.94974868E+00
-16.81000E-03,+5.94974868E+00
-16.78500E-03,+5.94974868E+00
-16.76000E-03,+5.94974868E+00
-16.73500E-03,+5.94974868E+00
-16.71000E-03,+5.94974868E+00
-16.68500E-03,+5.94974868E+00
-16.66000E-03,+5.94974868E+00
-16.63500E-03,+5.70854265E+00
-16.61000E-03,+5.28643210E+00
-16.58500E-03,+4.66331653E+00
-16.56000E-03,+3.99999996E+00
-16.53500E-03,+3.27638187E+00
-16.51000E-03,+2.49246228E+00
-16.48500E-03,+1.74874370E+00
-16.46000E-03,+964.82411E-03
-16.43500E-03,+241.20603E-03
-16.41000E-03,-402.01005E-03
-16.38500E-03,-1.06532662E+00
-16.36000E-03,-1.68844219E+00
-16.33500E-03,-2.25125626E+00
-16.31000E-03,-2.73366831E+00
-16.28500E-03,-3.21608037E+00
-16.26000E-03,-3.55778891E+00
-16.23500E-03,-3.95979895E+00
-16.21000E-03,-4.26130649E+00
-16.18500E-03,-4.58291452E+00
-16.16000E-03,-4.82412055E+00
-16.13500E-03,-5.06532658E+00
-16.11000E-03,-5.22613060E+00
-16.08500E-03,-5.38693462E+00
-16.06000E-03,-5.54773863E+00
-16.03500E-03,-5.62814064E+00
-16.01000E-03,-5.78894466E+00
-15.98500E-03,-5.86934667E+00
-15.96000E-03,-5.92964818E+00
-15.93500E-03,-5.94974868E+00
-15.91000E-03,-6.03015069E+00
-15.88500E-03,-6.11055270E+00
-15.86000E-03,-6.11055270E+00
-15.83500E-03,-6.11055270E+00
-15.81000E-03,-6.13065320E+00
-15.78500E-03,-6.13065320E+00
-15.76000E-03,-6.19095471E+00
-15.73500E-03,-6.19095471E+00
-15.71000E-03,-6.19095471E+00
-15.68500E-03,-6.19095471E+00
-15.66000E-03,-6.19095471E+00
-15.63500E-03,-6.19095471E+00
-15.61000E-03,-6.19095471E+00
-15.58500E-03,-6.19095471E+00
-15.56000E-03,-6.19095471E+00
-15.53500E-03,-6.19095471E+00
-15.51000E-03,-6.19095471E+00
-15.48500E-03,-6.19095471E+00
-15.46000E-03,-6.19095471E+00
-15.43500E-03,-6.19095471E+00
-15.41000E-03,-6.19095471E+00
-15.38500E-03,-6.11055270E+00
-15.36000E-03,-6.17085421E+00
-15.33500E-03,-6.19095471E+00
-15.31000E-03,-6.11055270E+00
-15.28500E-03,-6.19095471E+00
-15.26000E-03,-6.19095471E+00
-15.23500E-03,-6.19095471E+00
-15.21000E-03,-6.19095471E+00
-15.18500E-03,-6.13065320E+00
-15.16000E-03,-6.11055270E+00
-15.13500E-03,-6.19095471E+00
-15.11000E-03,-6.13065320E+00
-15.08500E-03,-6.13065320E+00
-15.06000E-03,-6.13065320E+00
-15.03500E-03,-6.19095471E+00
-15.01000E-03,-6.11055270E+00
-14.98500E-03,-6.19095471E+00
-14.96000E-03,-6.17085421E+00
-14.93500E-03,-6.19095471E+00
-14.91000E-03,-6.11055270E+00
-14.88500E-03,-6.13065320E+00
-14.86000E-03,-6.17085421E+00
-14.83500E-03,-6.17085421E+00
-14.81000E-03,-6.17085421E+00
-14.78500E-03,-6.13065320E+00
-14.76000E-03,-6.11055270E+00
-14.73500E-03,-6.13065320E+00
-14.71000E-03,-6.17085421E+00
-14.68500E-03,-6.11055270E+00
-14.66000E-03,-6.13065320E+00
-14.63500E-03,-6.11055270E+00
-14.61000E-03,-6.11055270E+00
-14.58500E-03,-6.13065320E+00
-14.56000E-03,-6.11055270E+00
-14.53500E-03,-6.11055270E+00
-14.51000E-03,-6.11055270E+00
-14.48500E-03,-6.13065320E+00
-14.46000E-03,-6.11055270E+00
-14.43500E-03,-6.13065320E+00
-14.41000E-03,-6.17085421E+00
-14.38500E-03,-6.17085421E+00
-14.36000E-03,-6.11055270E+00
-14.33500E-03,-6.17085421E+00
-14.31000E-03,-6.17085421E+00
-14.28500E-03,-6.13065320E+00
-14.26000E-03,-6.13065320E+00
-14.23500E-03,-6.11055270E+00
-14.21000E-03,-6.11055270E+00
-14.18500E-03,-6.13065320E+00
-14.16000E-03,-6.13065320E+00
-14.13500E-03,-6.17085421E+00
-14.11000E-03,-6.13065320E+00
-14.08500E-03,-6.13065320E+00
-14.06000E-03,-6.11055270E+00
-14.03500E-03,-6.11055270E+00
-14.01000E-03,-6.11055270E+00
-13.98500E-03,-6.11055270E+00
-13.96000E-03,-6.11055270E+00
-13.93500E-03,-6.17085421E+00
-13.91000E-03,-6.11055270E+00
-13.88500E-03,-6.17085421E+00
-13.86000E-03,-6.13065320E+00
-13.83500E-03,-6.13065320E+00
-13.81000E-03,-6.17085421E+00
-13.78500E-03,-6.13065320E+00
-13.76000E-03,-6.13065320E+00
-13.73500E-03,-6.13065320E+00
-13.71000E-03,-6.17085421E+00
-13.68500E-03,-6.17085421E+00
-13.66000E-03,-6.11055270E+00
-13.63500E-03,-6.17085421E+00
-13.61000E-03,-6.11055270E+00
-13.58500E-03,-6.13065320E+00
-13.56000E-03,-6.17085421E+00
-13.53500E-03,-6.11055270E+00
-13.51000E-03,-6.13065320E+00
-13.48500E-03,-6.17085421E+00
-13.46000E-03,-6.17085421E+00
-13.43500E-03,-6.11055270E+00
-13.41000E-03,-6.19095471E+00
-13.38500E-03,-6.11055270E+00
-13.36000E-03,-6.17085421E+00
-13.33500E-03,-6.11055270E+00
-13.31000E-03,-6.11055270E+00
-13.28500E-03,-6.13065320E+00
-13.26000E-03,-6.11055270E+00
-13.23500E-03,-6.11055270E+00
-13.21000E-03,-6.11055270E+00
-13.18500E-03,-6.11055270E+00
-13.16000E-03,-6.13065320E+00
-13.13500E-03,-6.17085421E+00
-13.11000E-03,-6.13065320E+00
-13.08500E-03,-6.17085421E+00
-13.06000E-03,-6.11055270E+00
-13.03500E-03,-6.11055270E+00
-13.01000E-03,-6.13065320E+00
-12.98500E-03,-6.13065320E+00
-12.96000E-03,-6.11055270E+00
-12.93500E-03,-6.11055270E+00
-12.91000E-03,-6.17085421E+00
-12.88500E-03,-6.13065320E+00
-12.86000E-03,-6.13065320E+00
-12.83500E-03,-6.11055270E+00
-12.81000E-03,-6.19095471E+00
-12.78500E-03,-6.17085421E+00
-12.76000E-03,-6.11055270E+00
-12.73500E-03,-6.17085421E+00
-12.71000E-03,-6.13065320E+00
-12.68500E-03,-6.13065320E+00
-12.66000E-03,-6.11055270E+00
-12.63500E-03,-6.11055270E+00
-12.61000E-03,-6.17085421E+00
-12.58500E-03,-6.19095471E+00
-12.56000E-03,-6.11055270E+00
-12.53500E-03,-6.17085421E+00
-12.51000E-03,-6.17085421E+00
-12.48500E-03,-6.11055270E+00
-12.46000E-03,-6.17085421E+00
-12.43500E-03,-6.11055270E+00
-12.41000E-03,-6.13065320E+00
-12.38500E-03,-6.11055270E+00
-12.36000E-03,-6.17085421E+00
-12.33500E-03,-6.11055270E+00
-12.31000E-03,-6.11055270E+00
-12.28500E-03,-6.17085421E+00
-12.26000E-03,-6.11055270E+00
-12.23500E-03,-6.13065320E+00
-12.21000E-03,-6.13065320E+00
-12.18500E-03,-6.19095471E+00
-12.16000E-03,-6.13065320E+00
-12.13500E-03,-6.13065320E+00
-12.11000E-03,-6.13065320E+00
-12.08500E-03,-6.17085421E+00
-12.06000E-03,-6.11055270E+00
-12.03500E-03,-6.11055270E+00
-12.01000E-03,-6.17085421E+00
-11.98500E-03,-6.13065320E+00
-11.96000E-03,-6.13065320E+00
-11.93500E-03,-6.13065320E+00
-11.91000E-03,-6.11055270E+00
-11.88500E-03,-6.13065320E+00
-11.86000E-03,-6.19095471E+00
-11.83500E-03,-6.17085421E+00
-11.81000E-03,-6.13065320E+00
-11.78500E-03,-6.11055270E+00
-11.76000E-03,-6.19095471E+00
-11.73500E-03,-6.17085421E+00
-11.71000E-03,-6.17085421E+00
-11.68500E-03,-6.13065320E+00
-11.66000E-03,-6.11055270E+00
-11.63500E-03,-6.13065320E+00
-11.61000E-03,-6.19095471E+00
-11.58500E-03,-6.17085421E+00
-11.56000E-03,-6.17085421E+00
-11.53500E-03,-6.13065320E+00
-11.51000E-03,-6.11055270E+00
-11.48500E-03,-6.13065320E+00
-11.46000E-03,-6.17085421E+00
-11.43500E-03,-6.17085421E+00
-11.41000E-03,-6.13065320E+00
-11.38500E-03,-6.11055270E+00
-11.36000E-03,-6.11055270E+00
-11.33500E-03,-6.11055270E+00
-11.31000E-03,-6.11055270E+00
-11.28500E-03,-6.13065320E+00
-11.26000E-03,-6.19095471E+00
-11.23500E-03,-6.11055270E+00
-11.21000E-03,-6.19095471E+00
-11.18500E-03,-6.19095471E+00
-11.16000E-03,-6.19095471E+00
-11.13500E-03,-6.11055270E+00
-11.11000E-03,-6.11055270E+00
-11.08500E-03,-6.11055270E+00
-11.06000E-03,-6.13065320E+00
-11.03500E-03,-6.13065320E+00
-11.01000E-03,-6.19095471E+00
-10.98500E-03,-6.13065320E+00
-10.96000E-03,-6.13065320E+00
-10.93500E-03,-6.19095471E+00
-10.91000E-03,-6.11055270E+00
-10.88500E-03,-6.19095471E+00
-10.86000E-03,-6.19095471E+00
-10.83500E-03,-6.11055270E+00
-10.81000E-03,-6.11055270E+00
-10.78500E-03,-6.13065320E+00
-10.76000E-03,-6.11055270E+00
-10.73500E-03,-6.19095471E+00
-10.71000E-03,-6.11055270E+00
-10.68500E-03,-6.13065320E+00
-10.66000E-03,-6.17085421E+00
-10.63500E-03,-6.11055270E+00
-10.61000E-03,-6.19095471E+00
-10.58500E-03,-6.11055270E+00
-10.56000E-03,-6.11055270E+00
-10.53500E-03,-6.19095471E+00
-10.51000E-03,-6.11055270E+00
-10.48500E-03,-6.13065320E+00
-10.46000E-03,-6.19095471E+00
-10.43500E-03,-6.11055270E+00
-10.41000E-03,-6.11055270E+00
-10.38500E-03,-6.17085421E+00
-10.36000E-03,-6.19095471E+00
-10.33500E-03,-6.11055270E+00
-10.31000E-03,-6.13065320E+00
-10.28500E-03,-6.11055270E+00
-10.26000E-03,-6.19095471E+00
-10.23500E-03,-6.11055270E+00
-10.21000E-03,-6.17085421E+00
-10.18500E-03,-6.13065320E+00
-10.16000E-03,-6.11055270E+00
-10.13500E-03,-6.13065320E+00
-10.11000E-03,-6.13065320E+00
-10.08500E-03,-6.11055270E+00
-10.06000E-03,-6.13065320E+00
-10.03500E-03,-6.11055270E+00
-10.01000E-03,-6.11055270E+00
-9.98500E-03,-6.13065320E+00
-9.96000E-03,-6.11055270E+00
-9.93500E-03,-6.11055270E+00
-9.91000E-03,-6.11055270E+00
-9.88500E-03,-6.11055270E+00
-9.86000E-03,-6.11055270E+00
-9.83500E-03,-6.17085421E+00
-9.81000E-03,-6.11055270E+00
-9.78500E-03,-6.17085421E+00
-9.76000E-03,-6.11055270E+00
-9.73500E-03,-6.11055270E+00
-9.71000E-03,-6.11055270E+00
-9.68500E-03,-6.17085421E+00
-9.66000E-03,-6.13065320E+00
-9.63500E-03,-6.13065320E+00
-9.61000E-03,-6.19095471E+00
-9.58500E-03,-6.13065320E+00
-9.56000E-03,-6.11055270E+00
-9.53500E-03,-6.17085421E+00
-9.51000E-03,-6.13065320E+00
-9.48500E-03,-6.13065320E+00
-9.46000E-03,-6.17085421E+00
-9.43500E-03,-6.19095471E+00
-9.41000E-03,-6.13065320E+00
-9.38500E-03,-6.13065320E+00
-9.36000E-03,-6.11055270E+00
-9.33500E-03,-6.11055270E+00
-9.31000E-03,-6.13065320E+00
-9.28500E-03,-6.17085421E+00
-9.26000E-03,-6.11055270E+00
-9.23500E-03,-6.13065320E+00
-9.21000E-03,-6.13065320E+00
-9.18500E-03,-6.17085421E+00
-9.16000E-03,-6.19095471E+00
-9.13500E-03,-6.13065320E+00
-9.11000E-03,-6.17085421E+00
-9.08500E-03,-6.11055270E+00
-9.06000E-03,-6.11055270E+00
-9.03500E-03,-6.11055270E+00
-9.01000E-03,-6.11055270E+00
-8.98500E-03,-6.11055270E+00
-8.96000E-03,-6.19095471E+00
-8.93500E-03,-6.11055270E+00
-8.91000E-03,-6.17085421E+00
-8.88500E-03,-6.11055270E+00
-8.86000E-03,-6.11055270E+00
-8.83500E-03,-6.17085421E+00
-8.81000E-03,-6.17085421E+00
-8.78500E-03,-6.13065320E+00
-8.76000E-03,-6.11055270E+00
-8.73500E-03,-6.11055270E+00
-8.71000E-03,-6.11055270E+00
-8.68500E-03,-6.17085421E+00
-8.66000E-03,-6.13065320E+00
-8.63500E-03,-6.17085421E+00
-8.61000E-03,-6.17085421E+00
-8.58500E-03,-6.11055270E+00
-8.56000E-03,-6.17085421E+00
-8.53500E-03,-6.11055270E+00
-8.51000E-03,-6.11055270E+00
-8.48500E-03,-6.13065320E+00
-8.46000E-03,-6.11055270E+00
-8.43500E-03,-6.11055270E+00
-8.41000E-03,-6.19095471E+00
-8.38500E-03,-6.17085421E+00
-8.36000E-03,-6.11055270E+00
-8.33500E-03,-6.11055270E+00
-8.31000E-03,-6.13065320E+00
-8.28500E-03,-6.11055270E+00
-8.26000E-03,-6.17085421E+00
-8.23500E-03,-6.17085421E+00
-8.21000E-03,-6.19095471E+00
-8.18500E-03,-6.11055270E+00
-8.16000E-03,-6.13065320E+00
-8.13500E-03,-6.11055270E+00
-8.11000E-03,-6.17085421E+00
-8.08500E-03,-6.11055270E+00
-8.06000E-03,-6.13065320E+00
-8.03500E-03,-6.17085421E+00
-8.01000E-03,-6.13065320E+00
-7.98500E-03,-6.11055270E+00
-7.96000E-03,-6.11055270E+00
-7.93500E-03,-6.11055270E+00
-7.91000E-03,-6.11055270E+00
-7.88500E-03,-6.11055270E+00
-7.86000E-03,-6.11055270E+00
-7.83500E-03,-6.13065320E+00
-7.81000E-03,-6.19095471E+00
-7.78500E-03,-6.11055270E+00
-7.76000E-03,-6.19095471E+00
-7.73500E-03,-6.11055270E+00
-7.71000E-03,-6.11055270E+00
-7.68500E-03,-6.11055270E+00
-7.66000E-03,-6.11055270E+00
-7.63500E-03,-6.13065320E+00
-7.61000E-03,-6.13065320E+00
-7.58500E-03,-6.17085421E+00
-7.56000E-03,-6.11055270E+00
-7.53500E-03,-6.17085421E+00
-7.51000E-03,-6.19095471E+00
-7.48500E-03,-6.11055270E+00
-7.46000E-03,-6.11055270E+00
-7.43500E-03,-6.13065320E+00
-7.41000E-03,-6.11055270E+00
-7.38500E-03,-6.13065320E+00
-7.36000E-03,-6.11055270E+00
-7.33500E-03,-6.11055270E+00
-7.31000E-03,-6.19095471E+00
-7.28500E-03,-6.11055270E+00
-7.26000E-03,-6.13065320E+00
-7.23500E-03,-6.11055270E+00
-7.21000E-03,-6.19095471E+00
-7.18500E-03,-6.11055270E+00
-7.16000E-03,-6.11055270E+00
-7.13500E-03,-6.17085421E+00
-7.11000E-03,-6.13065320E+00
-7.08500E-03,-6.11055270E+00
-7.06000E-03,-6.19095471E+00
-7.03500E-03,-6.11055270E+00
-7.01000E-03,-6.13065320E+00
-6.98500E-03,-6.17085421E+00
-6.96000E-03,-6.11055270E+00
-6.93500E-03,-6.19095471E+00
-6.91000E-03,-6.17085421E+00
-6.88500E-03,-6.17085421E+00
-6.86000E-03,-6.13065320E+00
-6.83500E-03,-6.13065320E+00
-6.81000E-03,-6.13065320E+00
-6.78500E-03,-6.11055270E+00
-6.76000E-03,-6.17085421E+00
-6.73500E-03,-6.11055270E+00
-6.71000E-03,-6.13065320E+00
-6.68500E-03,-6.11055270E+00
-6.66000E-03,-6.17085421E+00
-6.63500E-03,-6.11055270E+00
-6.61000E-03,-6.19095471E+00
-6.58500E-03,-6.17085421E+00
-6.56000E-03,-6.19095471E+00
-6.53500E-03,-6.13065320E+00
-6.51000E-03,-6.11055270E+00
-6.48500E-03,-6.17085421E+00
-6.46000E-03,-6.13065320E+00
-6.43500E-03,-6.13065320E+00
-6.41000E-03,-6.19095471E+00
-6.38500E-03,-6.13065320E+00
-6.36000E-03,-6.11055270E+00
-6.33500E-03,-6.11055270E+00
-6.31000E-03,-6.11055270E+00
-6.28500E-03,-6.13065320E+00
-6.26000E-03,-6.13065320E+00
-6.23500E-03,-6.17085421E+00
-6.21000E-03,-6.11055270E+00
-6.18500E-03,-6.17085421E+00
-6.16000E-03,-6.13065320E+00
-6.13500E-03,-6.11055270E+00
-6.11000E-03,-6.13065320E+00
-6.08500E-03,-6.13065320E+00
-6.06000E-03,-6.19095471E+00
-6.03500E-03,-6.19095471E+00
-6.01000E-03,-6.11055270E+00
-5.98500E-03,-6.13065320E+00
-5.96000E-03,-6.13065320E+00
-5.93500E-03,-6.11055270E+00
-5.91000E-03,-6.11055270E+00
-5.88500E-03,-6.17085421E+00
-5.86000E-03,-6.17085421E+00
-5.83500E-03,-6.11055270E+00
-5.81000E-03,-6.11055270E+00
-5.78500E-03,-6.13065320E+00
-5.76000E-03,-6.17085421E+00
-5.73500E-03,-6.19095471E+00
-5.71000E-03,-6.11055270E+00
-5.68500E-03,-6.13065320E+00
-5.66000E-03,-6.11055270E+00
-5.63500E-03,-6.13065320E+00
-5.61000E-03,-6.17085421E+00
-5.58500E-03,-6.19095471E+00
-5.56000E-03,-6.11055270E+00
-5.53500E-03,-6.13065320E+00
-5.51000E-03,-6.17085421E+00
-5.48500E-03,-6.17085421E+00
-5.46000E-03,-6.11055270E+00
-5.43500E-03,-6.19095471E+00
-5.41000E-03,-6.19095471E+00
-5.38500E-03,-6.17085421E+00
-5.36000E-03,-6.13065320E+00
-5.33500E-03,-6.19095471E+00
-5.31000E-03,-6.17085421E+00
-5.28500E-03,-6.13065320E+00
-5.26000E-03,-6.11055270E+00
-5.23500E-03,-6.13065320E+00
-5.21000E-03,-6.17085421E+00
-5.18500E-03,-6.13065320E+00
-5.16000E-03,-6.13065320E+00
-5.13500E-03,-6.17085421E+00
-5.11000E-03,-6.11055270E+00
-5.08500E-03,-6.11055270E+00
-5.06000E-03,-6.17085421E+00
-5.03500E-03,-6.13065320E+00
-5.01000E-03,-6.17085421E+00
-4.98500E-03,-6.19095471E+00
-4.96000E-03,-6.13065320E+00
-4.93500E-03,-6.11055270E+00
-4.91000E-03,-6.13065320E+00
-4.88500E-03,-6.13065320E+00
-4.86000E-03,-6.17085421E+00
-4.83500E-03,-6.19095471E+00
-4.81000E-03,-6.11055270E+00
-4.78500E-03,-6.11055270E+00
-4.76000E-03,-6.13065320E+00
-4.73500E-03,-6.11055270E+00
-4.71000E-03,-6.11055270E+00
-4.68500E-03,-6.11055270E+00
-4.66000E-03,-6.17085421E+00
-4.63500E-03,-6.17085421E+00
-4.61000E-03,-6.13065320E+00
-4.58500E-03,-6.11055270E+00
-4.56000E-03,-6.11055270E+00
-4.53500E-03,-6.11055270E+00
-4.51000E-03,-6.13065320E+00
-4.48500E-03,-6.19095471E+00
-4.46000E-03,-6.17085421E+00
-4.43500E-03,-6.11055270E+00
-4.41000E-03,-6.19095471E+00
-4.38500E-03,-6.13065320E+00
-4.36000E-03,-6.17085421E+00
-4.33500E-03,-6.19095471E+00
-4.31000E-03,-6.11055270E+00
-4.28500E-03,-6.13065320E+00
-4.26000E-03,-6.19095471E+00
-4.23500E-03,-6.19095471E+00
-4.21000E-03,-6.19095471E+00
-4.18500E-03,-6.11055270E+00
-4.16000E-03,-6.19095471E+00
-4.13500E-03,-6.11055270E+00
-4.11000E-03,-6.11055270E+00
-4.08500E-03,-6.13065320E+00
-4.06000E-03,-6.17085421E+00
-4.03500E-03,-6.11055270E+00
-4.01000E-03,-6.13065320E+00
-3.98500E-03,-6.13065320E+00
-3.96000E-03,-6.11055270E+00
-3.93500E-03,-6.11055270E+00
-3.91000E-03,-6.13065320E+00
-3.88500E-03,-6.17085421E+00
-3.86000E-03,-6.11055270E+00
-3.83500E-03,-6.13065320E+00
-3.81000E-03,-6.13065320E+00
-3.78500E-03,-6.11055270E+00
-3.76000E-03,-6.19095471E+00
-3.73500E-03,-6.13065320E+00
-3.71000E-03,-6.13065320E+00
-3.68500E-03,-6.19095471E+00
-3.66000E-03,-6.11055270E+00
-3.63500E-03,-6.17085421E+00
-3.61000E-03,-6.11055270E+00
-3.58500E-03,-6.13065320E+00
-3.56000E-03,-6.17085421E+00
-3.53500E-03,-6.17085421E+00
-3.51000E-03,-6.11055270E+00
-3.48500E-03,-6.13065320E+00
-3.46000E-03,-6.11055270E+00
-3.43500E-03,-6.13065320E+00
-3.41000E-03,-6.17085421E+00
-3.38500E-03,-6.11055270E+00
-3.36000E-03,-6.13065320E+00
-3.33500E-03,-6.13065320E+00
-3.31000E-03,-6.11055270E+00
-3.28500E-03,-6.11055270E+00
-3.26000E-03,-6.19095471E+00
-3.23500E-03,-6.11055270E+00
-3.21000E-03,-6.19095471E+00
-3.18500E-03,-6.11055270E+00
-3.16000E-03,-6.17085421E+00
-3.13500E-03,-6.11055270E+00
-3.11000E-03,-6.11055270E+00
-3.08500E-03,-6.13065320E+00
-3.06000E-03,-6.13065320E+00
-3.03500E-03,-6.17085421E+00
-3.01000E-03,-6.13065320E+00
-2.98500E-03,-6.19095471E+00
-2.96000E-03,-6.11055270E+00
-2.93500E-03,-6.13065320E+00
-2.91000E-03,-6.11055270E+00
-2.88500E-03,-6.19095471E+00
-2.86000E-03,-6.19095471E+00
-2.83500E-03,-6.17085421E+00
-2.81000E-03,-6.17085421E+00
-2.78500E-03,-6.13065320E+00
-2.76000E-03,-6.17085421E+00
-2.73500E-03,-6.17085421E+00
-2.71000E-03,-6.11055270E+00
-2.68500E-03,-6.17085421E+00
-2.66000E-03,-6.11055270E+00
-2.63500E-03,-6.17085421E+00
-2.61000E-03,-6.11055270E+00
-2.58500E-03,-6.17085421E+00
-2.56000E-03,-6.13065320E+00
-2.53500E-03,-6.13065320E+00
-2.51000E-03,-6.13065320E+00
-2.48500E-03,-6.17085421E+00
-2.46000E-03,-6.13065320E+00
-2.43500E-03,-6.19095471E+00
-2.41000E-03,-6.13065320E+00
-2.38500E-03,-6.11055270E+00
-2.36000E-03,-6.13065320E+00
-2.33500E-03,-6.11055270E+00
-2.31000E-03,-6.17085421E+00
-2.28500E-03,-6.19095471E+00
-2.26000E-03,-6.17085421E+00
-2.23500E-03,-6.17085421E+00
-2.21000E-03,-6.11055270E+00
-2.18500E-03,-6.11055270E+00
-2.16000E-03,-6.11055270E+00
-2.13500E-03,-6.13065320E+00
-2.11000E-03,-6.11055270E+00
-2.08500E-03,-6.17085421E+00
-2.06000E-03,-6.17085421E+00
-2.03500E-03,-6.11055270E+00
-2.01000E-03,-6.11055270E+00
-1.98500E-03,-6.17085421E+00
-1.96000E-03,-6.17085421E+00
-1.93500E-03,-6.19095471E+00
-1.91000E-03,-6.11055270E+00
-1.88500E-03,-6.19095471E+00
-1.86000E-03,-6.11055270E+00
-1.83500E-03,-6.11055270E+00
-1.81000E-03,-6.17085421E+00
-1.78500E-03,-6.17085421E+00
-1.76000E-03,-6.17085421E+00
-1.73500E-03,-6.17085421E+00
-1.71000E-03,-6.17085421E+00
-1.68500E-03,-6.11055270E+00
-1.66000E-03,-6.13065320E+00
-1.63500E-03,-6.13065320E+00
-1.61000E-03,-6.13065320E+00
-1.58500E-03,-6.13065320E+00
-1.56000E-03,-6.13065320E+00
-1.53500E-03,-6.17085421E+00
-1.51000E-03,-6.13065320E+00
-1.48500E-03,-6.13065320E+00
-1.46000E-03,-6.17085421E+00
-1.43500E-03,-6.11055270E+00
-1.41000E-03,-6.17085421E+00
-1.38500E-03,-6.13065320E+00
-1.36000E-03,-6.11055270E+00
-1.33500E-03,-6.17085421E+00
-1.31000E-03,-6.13065320E+00
-1.28500E-03,-6.11055270E+00
-1.26000E-03,-6.13065320E+00
-1.23500E-03,-6.13065320E+00
-1.21000E-03,-6.13065320E+00
-1.18500E-03,-6.11055270E+00
-1.16000E-03,-6.11055270E+00
-1.13500E-03,-6.19095471E+00
-1.11000E-03,-6.11055270E+00
-1.08500E-03,-6.11055270E+00
-1.06000E-03,-6.11055270E+00
-1.03500E-03,-6.11055270E+00
-1.01000E-03,-6.13065320E+00
-985.00E-06,-6.13065320E+00
-960.00E-06,-6.13065320E+00
-935.00E-06,-6.19095471E+00
-910.00E-06,-6.11055270E+00
-885.00E-06,-6.19095471E+00
-860.00E-06,-6.19095471E+00
-835.00E-06,-6.13065320E+00
-810.00E-06,-6.19095471E+00
-785.00E-06,-6.13065320E+00
-760.00E-06,-6.17085421E+00
-735.00E-06,-6.17085421E+00
-710.00E-06,-6.19095471E+00
-685.00E-06,-6.13065320E+00
-660.00E-06,-6.11055270E+00
-635.00E-06,-6.17085421E+00
-610.00E-06,-6.13065320E+00
-585.00E-06,-6.13065320E+00
-560.00E-06,-6.17085421E+00
-535.00E-06,-6.11055270E+00
-510.00E-06,-6.17085421E+00
-485.00E-06,-6.11055270E+00
-460.00E-06,-6.11055270E+00
-435.00E-06,-6.11055270E+00
-410.00E-06,-6.13065320E+00
-385.00E-06,-6.13065320E+00
-360.00E-06,-6.17085421E+00
-335.00E-06,-6.19095471E+00
-310.00E-06,-6.11055270E+00
-285.00E-06,-6.11055270E+00
-260.00E-06,-6.17085421E+00
-235.00E-06,-6.11055270E+00
-210.00E-06,-6.17085421E+00
-185.00E-06,-6.13065320E+00
-160.00E-06,-6.19095471E+00
-135.00E-06,-6.11055270E+00
-110.00E-06,-6.13065320E+00
-85.00E-06,-6.11055270E+00
-60.00E-06,-6.19095471E+00
-35.00E-06,-6.11055270E+00
-10.00E-06,-6.17085421E+00
+15.00E-06,-6.05025119E+00
+40.00E-06,-5.76884416E+00
+65.00E-06,-5.30653261E+00
+90.00E-06,-4.66331653E+00
+115.00E-06,-3.99999996E+00
+140.00E-06,-3.21608037E+00
+165.00E-06,-2.47236178E+00
+190.00E-06,-1.68844219E+00
+215.00E-06,-904.52260E-03
+240.00E-06,-241.20603E-03
+265.00E-06,+482.41206E-03
+290.00E-06,+1.12562813E+00
+315.00E-06,+1.68844219E+00
+340.00E-06,+2.25125626E+00
+365.00E-06,+2.71356781E+00
+390.00E-06,+3.13567836E+00
+415.00E-06,+3.53768840E+00
+440.00E-06,+3.87939694E+00
+465.00E-06,+4.18090448E+00
+490.00E-06,+4.44221101E+00
+515.00E-06,+4.74371854E+00
+540.00E-06,+4.90452256E+00
+565.00E-06,+5.12562809E+00
+590.00E-06,+5.24623110E+00
+615.00E-06,+5.38693462E+00
+640.00E-06,+5.46733662E+00
+665.00E-06,+5.62814064E+00
+690.00E-06,+5.70854265E+00
+715.00E-06,+5.78894466E+00
+740.00E-06,+5.78894466E+00
+765.00E-06,+5.84924617E+00
+790.00E-06,+5.88944717E+00
+815.00E-06,+5.86934667E+00
+840.00E-06,+5.94974868E+00
+865.00E-06,+5.94974868E+00
+890.00E-06,+5.94974868E+00
+915.00E-06,+5.94974868E+00
+940.00E-06,+6.01005019E+00
+965.00E-06,+6.01005019E+00
+990.00E-06,+5.96984918E+00
+1.01500E-03,+5.94974868E+00
+1.04000E-03,+6.03015069E+00
+1.06500E-03,+6.03015069E+00
+1.09000E-03,+5.94974868E+00
+1.11500E-03,+5.94974868E+00
+1.14000E-03,+5.94974868E+00
+1.16500E-03,+6.03015069E+00
+1.19000E-03,+5.94974868E+00
+1.21500E-03,+5.94974868E+00
+1.24000E-03,+5.94974868E+00
+1.26500E-03,+5.96984918E+00
+1.29000E-03,+5.94974868E+00
+1.31500E-03,+5.94974868E+00
+1.34000E-03,+5.94974868E+00
+1.36500E-03,+5.94974868E+00
+1.39000E-03,+5.94974868E+00
+1.41500E-03,+6.03015069E+00
+1.44000E-03,+5.94974868E+00
+1.46500E-03,+5.94974868E+00
+1.49000E-03,+5.94974868E+00
+1.51500E-03,+5.94974868E+00
+1.54000E-03,+5.94974868E+00
+1.56500E-03,+5.94974868E+00
+1.59000E-03,+5.94974868E+00
+1.61500E-03,+5.94974868E+00
+1.64000E-03,+6.01005019E+00
+1.66500E-03,+5.94974868E+00
+1.69000E-03,+5.94974868E+00
+1.71500E-03,+5.94974868E+00
+1.74000E-03,+5.94974868E+00
+1.76500E-03,+5.94974868E+00
+1.79000E-03,+5.94974868E+00
+1.81500E-03,+5.94974868E+00
+1.84000E-03,+5.94974868E+00
+1.86500E-03,+5.94974868E+00
+1.89000E-03,+5.94974868E+00
+1.91500E-03,+5.94974868E+00
+1.94000E-03,+5.94974868E+00
+1.96500E-03,+5.94974868E+00
+1.99000E-03,+5.94974868E+00
+2.01500E-03,+5.94974868E+00
+2.04000E-03,+5.94974868E+00
+2.06500E-03,+5.94974868E+00
+2.09000E-03,+5.94974868E+00
+2.11500E-03,+5.94974868E+00
+2.14000E-03,+5.94974868E+00
+2.16500E-03,+5.94974868E+00
+2.19000E-03,+5.94974868E+00
+2.21500E-03,+5.94974868E+00
+2.24000E-03,+5.94974868E+00
+2.26500E-03,+5.94974868E+00
+2.29000E-03,+5.94974868E+00
+2.31500E-03,+5.94974868E+00
+2.34000E-03,+5.94974868E+00
+2.36500E-03,+5.94974868E+00
+2.39000E-03,+5.94974868E+00
+2.41500E-03,+5.94974868E+00
+2.44000E-03,+5.94974868E+00
+2.46500E-03,+5.94974868E+00
+2.49000E-03,+5.94974868E+00
+2.51500E-03,+5.94974868E+00
+2.54000E-03,+5.94974868E+00
+2.56500E-03,+5.94974868E+00
+2.59000E-03,+5.94974868E+00
+2.61500E-03,+5.94974868E+00
+2.64000E-03,+5.94974868E+00
+2.66500E-03,+5.94974868E+00
+2.69000E-03,+5.94974868E+00
+2.71500E-03,+5.94974868E+00
+2.74000E-03,+5.94974868E+00
+2.76500E-03,+5.94974868E+00
+2.79000E-03,+5.94974868E+00
+2.81500E-03,+5.94974868E+00
+2.84000E-03,+5.94974868E+00
+2.86500E-03,+5.94974868E+00
+2.89000E-03,+5.94974868E+00
+2.91500E-03,+5.94974868E+00
+2.94000E-03,+5.94974868E+00
+2.96500E-03,+5.94974868E+00
+2.99000E-03,+5.94974868E+00
+3.01500E-03,+5.94974868E+00
+3.04000E-03,+5.94974868E+00
+3.06500E-03,+5.94974868E+00
+3.09000E-03,+5.94974868E+00
+3.11500E-03,+5.94974868E+00
+3.14000E-03,+5.94974868E+00
+3.16500E-03,+5.94974868E+00
+3.19000E-03,+5.94974868E+00
+3.21500E-03,+5.94974868E+00
+3.24000E-03,+5.94974868E+00
+3.26500E-03,+5.94974868E+00
+3.29000E-03,+5.94974868E+00
+3.31500E-03,+5.94974868E+00
+3.34000E-03,+5.94974868E+00
+3.36500E-03,+5.94974868E+00
+3.39000E-03,+5.94974868E+00
+3.41500E-03,+5.94974868E+00
+3.44000E-03,+5.94974868E+00
+3.46500E-03,+5.94974868E+00
+3.49000E-03,+5.94974868E+00
+3.51500E-03,+5.94974868E+00
+3.54000E-03,+6.01005019E+00
+3.56500E-03,+5.94974868E+00
+3.59000E-03,+5.94974868E+00
+3.61500E-03,+5.94974868E+00
+3.64000E-03,+5.94974868E+00
+3.66500E-03,+5.94974868E+00
+3.69000E-03,+5.94974868E+00
+3.71500E-03,+5.94974868E+00
+3.74000E-03,+5.94974868E+00
+3.76500E-03,+5.94974868E+00
+3.79000E-03,+5.94974868E+00
+3.81500E-03,+5.94974868E+00
+3.84000E-03,+5.94974868E+00
+3.86500E-03,+5.94974868E+00
+3.89000E-03,+5.94974868E+00
+3.91500E-03,+5.94974868E+00
+3.94000E-03,+5.94974868E+00
+3.96500E-03,+5.94974868E+00
+3.99000E-03,+5.94974868E+00
+4.01500E-03,+5.94974868E+00
+4.04000E-03,+5.94974868E+00
+4.06500E-03,+5.94974868E+00
+4.09000E-03,+5.94974868E+00
+4.11500E-03,+5.94974868E+00
+4.14000E-03,+5.94974868E+00
+4.16500E-03,+5.94974868E+00
+4.19000E-03,+5.94974868E+00
+4.21500E-03,+5.94974868E+00
+4.24000E-03,+5.94974868E+00
+4.26500E-03,+5.94974868E+00
+4.29000E-03,+5.94974868E+00
+4.31500E-03,+5.94974868E+00
+4.34000E-03,+5.94974868E+00
+4.36500E-03,+5.94974868E+00
+4.39000E-03,+5.94974868E+00
+4.41500E-03,+5.94974868E+00
+4.44000E-03,+5.94974868E+00
+4.46500E-03,+5.94974868E+00
+4.49000E-03,+5.94974868E+00
+4.51500E-03,+5.94974868E+00
+4.54000E-03,+5.94974868E+00
+4.56500E-03,+5.94974868E+00
+4.59000E-03,+5.94974868E+00
+4.61500E-03,+5.94974868E+00
+4.64000E-03,+5.94974868E+00
+4.66500E-03,+5.94974868E+00
+4.69000E-03,+5.94974868E+00
+4.71500E-03,+5.94974868E+00
+4.74000E-03,+5.94974868E+00
+4.76500E-03,+5.94974868E+00
+4.79000E-03,+5.94974868E+00
+4.81500E-03,+5.94974868E+00
+4.84000E-03,+5.94974868E+00
+4.86500E-03,+5.94974868E+00
+4.89000E-03,+5.94974868E+00
+4.91500E-03,+5.94974868E+00
+4.94000E-03,+5.94974868E+00
+4.96500E-03,+5.94974868E+00
+4.99000E-03,+5.94974868E+00
+5.01500E-03,+5.94974868E+00
+5.04000E-03,+5.94974868E+00
+5.06500E-03,+5.94974868E+00
+5.09000E-03,+5.94974868E+00
+5.11500E-03,+5.94974868E+00
+5.14000E-03,+5.94974868E+00
+5.16500E-03,+5.94974868E+00
+5.19000E-03,+5.94974868E+00
+5.21500E-03,+5.94974868E+00
+5.24000E-03,+5.94974868E+00
+5.26500E-03,+5.94974868E+00
+5.29000E-03,+5.94974868E+00
+5.31500E-03,+5.94974868E+00
+5.34000E-03,+5.94974868E+00
+5.36500E-03,+5.94974868E+00
+5.39000E-03,+5.94974868E+00
+5.41500E-03,+5.94974868E+00
+5.44000E-03,+5.94974868E+00
+5.46500E-03,+5.94974868E+00
+5.49000E-03,+5.94974868E+00
+5.51500E-03,+5.94974868E+00
+5.54000E-03,+5.94974868E+00
+5.56500E-03,+5.88944717E+00
+5.59000E-03,+5.94974868E+00
+5.61500E-03,+5.94974868E+00
+5.64000E-03,+6.01005019E+00
+5.66500E-03,+5.94974868E+00
+5.69000E-03,+5.94974868E+00
+5.71500E-03,+5.94974868E+00
+5.74000E-03,+5.94974868E+00
+5.76500E-03,+5.94974868E+00
+5.79000E-03,+5.94974868E+00
+5.81500E-03,+5.94974868E+00
+5.84000E-03,+5.94974868E+00
+5.86500E-03,+5.94974868E+00
+5.89000E-03,+5.94974868E+00
+5.91500E-03,+5.94974868E+00
+5.94000E-03,+5.94974868E+00
+5.96500E-03,+5.94974868E+00
+5.99000E-03,+5.94974868E+00
+6.01500E-03,+5.94974868E+00
+6.04000E-03,+5.94974868E+00
+6.06500E-03,+5.94974868E+00
+6.09000E-03,+5.94974868E+00
+6.11500E-03,+5.94974868E+00
+6.14000E-03,+5.94974868E+00
+6.16500E-03,+5.94974868E+00
+6.19000E-03,+5.94974868E+00
+6.21500E-03,+5.94974868E+00
+6.24000E-03,+5.94974868E+00
+6.26500E-03,+5.94974868E+00
+6.29000E-03,+5.94974868E+00
+6.31500E-03,+5.94974868E+00
+6.34000E-03,+5.94974868E+00
+6.36500E-03,+5.94974868E+00
+6.39000E-03,+5.94974868E+00
+6.41500E-03,+5.94974868E+00
+6.44000E-03,+5.94974868E+00
+6.46500E-03,+5.94974868E+00
+6.49000E-03,+5.94974868E+00
+6.51500E-03,+5.94974868E+00
+6.54000E-03,+5.94974868E+00
+6.56500E-03,+5.92964818E+00
+6.59000E-03,+5.94974868E+00
+6.61500E-03,+5.94974868E+00
+6.64000E-03,+5.94974868E+00
+6.66500E-03,+5.94974868E+00
+6.69000E-03,+5.94974868E+00
+6.71500E-03,+5.94974868E+00
+6.74000E-03,+5.94974868E+00
+6.76500E-03,+5.94974868E+00
+6.79000E-03,+5.94974868E+00
+6.81500E-03,+5.94974868E+00
+6.84000E-03,+5.94974868E+00
+6.86500E-03,+5.94974868E+00
+6.89000E-03,+5.94974868E+00
+6.91500E-03,+5.94974868E+00
+6.94000E-03,+5.94974868E+00
+6.96500E-03,+5.94974868E+00
+6.99000E-03,+5.94974868E+00
+7.01500E-03,+5.94974868E+00
+7.04000E-03,+5.94974868E+00
+7.06500E-03,+5.96984918E+00
+7.09000E-03,+5.94974868E+00
+7.11500E-03,+5.94974868E+00
+7.14000E-03,+6.01005019E+00
+7.16500E-03,+5.94974868E+00
+7.19000E-03,+5.94974868E+00
+7.21500E-03,+5.94974868E+00
+7.24000E-03,+5.94974868E+00
+7.26500E-03,+5.94974868E+00
+7.29000E-03,+5.94974868E+00
+7.31500E-03,+5.94974868E+00
+7.34000E-03,+6.01005019E+00
+7.36500E-03,+5.94974868E+00
+7.39000E-03,+5.94974868E+00
+7.41500E-03,+5.94974868E+00
+7.44000E-03,+5.94974868E+00
+7.46500E-03,+5.94974868E+00
+7.49000E-03,+5.94974868E+00
+7.51500E-03,+5.94974868E+00
+7.54000E-03,+5.94974868E+00
+7.56500E-03,+5.94974868E+00
+7.59000E-03,+5.94974868E+00
+7.61500E-03,+5.94974868E+00
+7.64000E-03,+5.94974868E+00
+7.66500E-03,+5.94974868E+00
+7.69000E-03,+5.94974868E+00
+7.71500E-03,+5.94974868E+00
+7.74000E-03,+5.94974868E+00
+7.76500E-03,+5.94974868E+00
+7.79000E-03,+5.94974868E+00
+7.81500E-03,+5.94974868E+00
+7.84000E-03,+5.94974868E+00
+7.86500E-03,+5.94974868E+00
+7.89000E-03,+5.94974868E+00
+7.91500E-03,+5.94974868E+00
+7.94000E-03,+5.94974868E+00
+7.96500E-03,+5.94974868E+00
+7.99000E-03,+5.94974868E+00
+8.01500E-03,+5.94974868E+00
+8.04000E-03,+5.94974868E+00
+8.06500E-03,+5.94974868E+00
+8.09000E-03,+5.94974868E+00
+8.11500E-03,+5.94974868E+00
+8.14000E-03,+5.94974868E+00
+8.16500E-03,+5.94974868E+00
+8.19000E-03,+5.94974868E+00
+8.21500E-03,+5.94974868E+00
+8.24000E-03,+5.94974868E+00
+8.26500E-03,+5.94974868E+00
+8.29000E-03,+5.94974868E+00
+8.31500E-03,+5.94974868E+00
+8.34000E-03,+5.94974868E+00
+8.36500E-03,+5.94974868E+00
+8.39000E-03,+5.94974868E+00
+8.41500E-03,+5.94974868E+00
+8.44000E-03,+5.94974868E+00
+8.46500E-03,+5.94974868E+00
+8.49000E-03,+5.94974868E+00
+8.51500E-03,+5.94974868E+00
+8.54000E-03,+5.94974868E+00
+8.56500E-03,+5.94974868E+00
+8.59000E-03,+5.94974868E+00
+8.61500E-03,+5.94974868E+00
+8.64000E-03,+5.94974868E+00
+8.66500E-03,+5.94974868E+00
+8.69000E-03,+5.94974868E+00
+8.71500E-03,+5.94974868E+00
+8.74000E-03,+5.94974868E+00
+8.76500E-03,+5.94974868E+00
+8.79000E-03,+5.94974868E+00
+8.81500E-03,+5.94974868E+00
+8.84000E-03,+5.94974868E+00
+8.86500E-03,+5.94974868E+00
+8.89000E-03,+5.96984918E+00
+8.91500E-03,+5.94974868E+00
+8.94000E-03,+5.94974868E+00
+8.96500E-03,+5.94974868E+00
+8.99000E-03,+5.94974868E+00
+9.01500E-03,+5.94974868E+00
+9.04000E-03,+5.94974868E+00
+9.06500E-03,+5.94974868E+00
+9.09000E-03,+5.94974868E+00
+9.11500E-03,+5.94974868E+00
+9.14000E-03,+5.94974868E+00
+9.16500E-03,+5.94974868E+00
+9.19000E-03,+5.94974868E+00
+9.21500E-03,+5.94974868E+00
+9.24000E-03,+5.94974868E+00
+9.26500E-03,+5.94974868E+00
+9.29000E-03,+5.94974868E+00
+9.31500E-03,+5.94974868E+00
+9.34000E-03,+5.94974868E+00
+9.36500E-03,+5.94974868E+00
+9.39000E-03,+5.94974868E+00
+9.41500E-03,+5.94974868E+00
+9.44000E-03,+5.94974868E+00
+9.46500E-03,+5.94974868E+00
+9.49000E-03,+5.94974868E+00
+9.51500E-03,+5.94974868E+00
+9.54000E-03,+5.94974868E+00
+9.56500E-03,+5.94974868E+00
+9.59000E-03,+5.94974868E+00
+9.61500E-03,+5.94974868E+00
+9.64000E-03,+5.94974868E+00
+9.66500E-03,+5.94974868E+00
+9.69000E-03,+5.94974868E+00
+9.71500E-03,+6.01005019E+00
+9.74000E-03,+5.94974868E+00
+9.76500E-03,+5.94974868E+00
+9.79000E-03,+5.94974868E+00
+9.81500E-03,+5.94974868E+00
+9.84000E-03,+5.94974868E+00
+9.86500E-03,+5.94974868E+00
+9.89000E-03,+5.94974868E+00
+9.91500E-03,+5.94974868E+00
+9.94000E-03,+5.94974868E+00
+9.96500E-03,+5.94974868E+00
+9.99000E-03,+5.94974868E+00
+10.01500E-03,+5.94974868E+00
+10.04000E-03,+5.94974868E+00
+10.06500E-03,+5.94974868E+00
+10.09000E-03,+5.94974868E+00
+10.11500E-03,+5.94974868E+00
+10.14000E-03,+5.94974868E+00
+10.16500E-03,+5.94974868E+00
+10.19000E-03,+5.94974868E+00
+10.21500E-03,+5.94974868E+00
+10.24000E-03,+5.94974868E+00
+10.26500E-03,+5.94974868E+00
+10.29000E-03,+5.94974868E+00
+10.31500E-03,+5.94974868E+00
+10.34000E-03,+5.94974868E+00
+10.36500E-03,+5.94974868E+00
+10.39000E-03,+5.94974868E+00
+10.41500E-03,+5.94974868E+00
+10.44000E-03,+5.94974868E+00
+10.46500E-03,+5.96984918E+00
+10.49000E-03,+5.94974868E+00
+10.51500E-03,+5.94974868E+00
+10.54000E-03,+5.94974868E+00
+10.56500E-03,+5.94974868E+00
+10.59000E-03,+5.94974868E+00
+10.61500E-03,+5.94974868E+00
+10.64000E-03,+5.94974868E+00
+10.66500E-03,+5.94974868E+00
+10.69000E-03,+5.94974868E+00
+10.71500E-03,+5.94974868E+00
+10.74000E-03,+5.94974868E+00
+10.76500E-03,+5.94974868E+00
+10.79000E-03,+5.94974868E+00
+10.81500E-03,+5.94974868E+00
+10.84000E-03,+5.94974868E+00
+10.86500E-03,+5.94974868E+00
+10.89000E-03,+5.94974868E+00
+10.91500E-03,+5.94974868E+00
+10.94000E-03,+5.94974868E+00
+10.96500E-03,+5.94974868E+00
+10.99000E-03,+5.94974868E+00
+11.01500E-03,+5.94974868E+00
+11.04000E-03,+5.94974868E+00
+11.06500E-03,+5.94974868E+00
+11.09000E-03,+5.94974868E+00
+11.11500E-03,+5.94974868E+00
+11.14000E-03,+5.94974868E+00
+11.16500E-03,+5.94974868E+00
+11.19000E-03,+5.94974868E+00
+11.21500E-03,+5.94974868E+00
+11.24000E-03,+5.94974868E+00
+11.26500E-03,+5.94974868E+00
+11.29000E-03,+5.94974868E+00
+11.31500E-03,+5.94974868E+00
+11.34000E-03,+5.94974868E+00
+11.36500E-03,+5.94974868E+00
+11.39000E-03,+5.94974868E+00
+11.41500E-03,+5.94974868E+00
+11.44000E-03,+5.94974868E+00
+11.46500E-03,+5.94974868E+00
+11.49000E-03,+5.94974868E+00
+11.51500E-03,+5.94974868E+00
+11.54000E-03,+5.94974868E+00
+11.56500E-03,+5.94974868E+00
+11.59000E-03,+5.94974868E+00
+11.61500E-03,+5.94974868E+00
+11.64000E-03,+5.94974868E+00
+11.66500E-03,+5.94974868E+00
+11.69000E-03,+5.94974868E+00
+11.71500E-03,+5.94974868E+00
+11.74000E-03,+5.94974868E+00
+11.76500E-03,+5.94974868E+00
+11.79000E-03,+5.94974868E+00
+11.81500E-03,+5.94974868E+00
+11.84000E-03,+5.94974868E+00
+11.86500E-03,+5.94974868E+00
+11.89000E-03,+5.94974868E+00
+11.91500E-03,+5.94974868E+00
+11.94000E-03,+5.94974868E+00
+11.96500E-03,+5.94974868E+00
+11.99000E-03,+5.94974868E+00
+12.01500E-03,+5.94974868E+00
+12.04000E-03,+5.94974868E+00
+12.06500E-03,+5.94974868E+00
+12.09000E-03,+5.94974868E+00
+12.11500E-03,+5.94974868E+00
+12.14000E-03,+5.94974868E+00
+12.16500E-03,+5.94974868E+00
+12.19000E-03,+5.94974868E+00
+12.21500E-03,+5.92964818E+00
+12.24000E-03,+5.94974868E+00
+12.26500E-03,+5.94974868E+00
+12.29000E-03,+5.94974868E+00
+12.31500E-03,+5.94974868E+00
+12.34000E-03,+5.94974868E+00
+12.36500E-03,+5.94974868E+00
+12.39000E-03,+5.94974868E+00
+12.41500E-03,+5.94974868E+00
+12.44000E-03,+5.94974868E+00
+12.46500E-03,+5.94974868E+00
+12.49000E-03,+5.94974868E+00
+12.51500E-03,+5.94974868E+00
+12.54000E-03,+5.94974868E+00
+12.56500E-03,+5.94974868E+00
+12.59000E-03,+5.94974868E+00
+12.61500E-03,+5.94974868E+00
+12.64000E-03,+5.94974868E+00
+12.66500E-03,+5.94974868E+00
+12.69000E-03,+5.94974868E+00
+12.71500E-03,+5.94974868E+00
+12.74000E-03,+5.94974868E+00
+12.76500E-03,+5.94974868E+00
+12.79000E-03,+5.94974868E+00
+12.81500E-03,+5.94974868E+00
+12.84000E-03,+5.94974868E+00
+12.86500E-03,+5.94974868E+00
+12.89000E-03,+5.94974868E+00
+12.91500E-03,+5.94974868E+00
+12.94000E-03,+5.94974868E+00
+12.96500E-03,+5.94974868E+00
+12.99000E-03,+5.94974868E+00
+13.01500E-03,+5.94974868E+00
+13.04000E-03,+5.94974868E+00
+13.06500E-03,+5.94974868E+00
+13.09000E-03,+5.94974868E+00
+13.11500E-03,+5.94974868E+00
+13.14000E-03,+5.94974868E+00
+13.16500E-03,+5.94974868E+00
+13.19000E-03,+5.94974868E+00
+13.21500E-03,+5.94974868E+00
+13.24000E-03,+5.92964818E+00
+13.26500E-03,+5.94974868E+00
+13.29000E-03,+5.94974868E+00
+13.31500E-03,+5.94974868E+00
+13.34000E-03,+5.94974868E+00
+13.36500E-03,+5.94974868E+00
+13.39000E-03,+5.94974868E+00
+13.41500E-03,+5.94974868E+00
+13.44000E-03,+5.94974868E+00
+13.46500E-03,+5.94974868E+00
+13.49000E-03,+5.94974868E+00
+13.51500E-03,+5.94974868E+00
+13.54000E-03,+5.94974868E+00
+13.56500E-03,+5.94974868E+00
+13.59000E-03,+5.94974868E+00
+13.61500E-03,+5.94974868E+00
+13.64000E-03,+5.94974868E+00
+13.66500E-03,+5.94974868E+00
+13.69000E-03,+5.94974868E+00
+13.71500E-03,+5.94974868E+00
+13.74000E-03,+5.94974868E+00
+13.76500E-03,+5.94974868E+00
+13.79000E-03,+5.94974868E+00
+13.81500E-03,+5.94974868E+00
+13.84000E-03,+5.94974868E+00
+13.86500E-03,+5.94974868E+00
+13.89000E-03,+5.94974868E+00
+13.91500E-03,+5.94974868E+00
+13.94000E-03,+5.94974868E+00
+13.96500E-03,+5.94974868E+00
+13.99000E-03,+5.94974868E+00
+14.01500E-03,+5.94974868E+00
+14.04000E-03,+5.94974868E+00
+14.06500E-03,+5.94974868E+00
+14.09000E-03,+5.94974868E+00
+14.11500E-03,+5.94974868E+00
+14.14000E-03,+5.94974868E+00
+14.16500E-03,+5.94974868E+00
+14.19000E-03,+5.94974868E+00
+14.21500E-03,+5.94974868E+00
+14.24000E-03,+5.94974868E+00
+14.26500E-03,+5.94974868E+00
+14.29000E-03,+5.94974868E+00
+14.31500E-03,+5.94974868E+00
+14.34000E-03,+5.94974868E+00
+14.36500E-03,+5.94974868E+00
+14.39000E-03,+5.94974868E+00
+14.41500E-03,+5.94974868E+00
+14.44000E-03,+5.94974868E+00
+14.46500E-03,+5.94974868E+00
+14.49000E-03,+5.94974868E+00
+14.51500E-03,+5.94974868E+00
+14.54000E-03,+5.94974868E+00
+14.56500E-03,+5.94974868E+00
+14.59000E-03,+5.94974868E+00
+14.61500E-03,+5.96984918E+00
+14.64000E-03,+5.94974868E+00
+14.66500E-03,+5.94974868E+00
+14.69000E-03,+5.94974868E+00
+14.71500E-03,+5.94974868E+00
+14.74000E-03,+5.94974868E+00
+14.76500E-03,+5.94974868E+00
+14.79000E-03,+5.94974868E+00
+14.81500E-03,+5.94974868E+00
+14.84000E-03,+5.94974868E+00
+14.86500E-03,+5.94974868E+00
+14.89000E-03,+5.94974868E+00
+14.91500E-03,+5.94974868E+00
+14.94000E-03,+5.94974868E+00
+14.96500E-03,+5.94974868E+00
+14.99000E-03,+5.94974868E+00
+15.01500E-03,+5.94974868E+00
+15.04000E-03,+5.94974868E+00
+15.06500E-03,+5.94974868E+00
+15.09000E-03,+5.94974868E+00
+15.11500E-03,+5.94974868E+00
+15.14000E-03,+5.94974868E+00
+15.16500E-03,+5.94974868E+00
+15.19000E-03,+5.94974868E+00
+15.21500E-03,+5.94974868E+00
+15.24000E-03,+5.94974868E+00
+15.26500E-03,+5.94974868E+00
+15.29000E-03,+5.94974868E+00
+15.31500E-03,+5.94974868E+00
+15.34000E-03,+5.94974868E+00
+15.36500E-03,+5.94974868E+00
+15.39000E-03,+5.94974868E+00
+15.41500E-03,+5.94974868E+00
+15.44000E-03,+5.94974868E+00
+15.46500E-03,+5.94974868E+00
+15.49000E-03,+5.94974868E+00
+15.51500E-03,+5.94974868E+00
+15.54000E-03,+5.94974868E+00
+15.56500E-03,+5.94974868E+00
+15.59000E-03,+5.96984918E+00
+15.61500E-03,+5.94974868E+00
+15.64000E-03,+5.94974868E+00
+15.66500E-03,+5.94974868E+00
+15.69000E-03,+5.94974868E+00
+15.71500E-03,+5.94974868E+00
+15.74000E-03,+5.94974868E+00
+15.76500E-03,+5.94974868E+00
+15.79000E-03,+5.94974868E+00
+15.81500E-03,+5.94974868E+00
+15.84000E-03,+5.94974868E+00
+15.86500E-03,+5.94974868E+00
+15.89000E-03,+5.94974868E+00
+15.91500E-03,+5.94974868E+00
+15.94000E-03,+5.94974868E+00
+15.96500E-03,+5.94974868E+00
+15.99000E-03,+5.94974868E+00
+16.01500E-03,+5.94974868E+00
+16.04000E-03,+5.94974868E+00
+16.06500E-03,+5.94974868E+00
+16.09000E-03,+5.94974868E+00
+16.11500E-03,+5.94974868E+00
+16.14000E-03,+5.94974868E+00
+16.16500E-03,+5.94974868E+00
+16.19000E-03,+5.94974868E+00
+16.21500E-03,+5.94974868E+00
+16.24000E-03,+5.94974868E+00
+16.26500E-03,+5.94974868E+00
+16.29000E-03,+5.94974868E+00
+16.31500E-03,+5.94974868E+00
+16.34000E-03,+5.94974868E+00
+16.36500E-03,+5.94974868E+00
+16.39000E-03,+5.94974868E+00
+16.41500E-03,+5.94974868E+00
+16.44000E-03,+5.94974868E+00
+16.46500E-03,+5.94974868E+00
+16.49000E-03,+5.94974868E+00
+16.51500E-03,+5.94974868E+00
+16.54000E-03,+5.94974868E+00
+16.56500E-03,+5.94974868E+00
+16.59000E-03,+5.94974868E+00
+16.61500E-03,+5.94974868E+00
+16.64000E-03,+5.94974868E+00
+16.66500E-03,+5.98994968E+00
+16.69000E-03,+5.78894466E+00
+16.71500E-03,+5.44723612E+00
+16.74000E-03,+4.88442206E+00
+16.76500E-03,+4.24120598E+00
+16.79000E-03,+3.53768840E+00
+16.81500E-03,+2.73366831E+00
+16.84000E-03,+2.01005023E+00
+16.86500E-03,+1.20603014E+00
+16.89000E-03,+482.41206E-03
+16.91500E-03,-180.90452E-03
+16.94000E-03,-884.42210E-03
+16.96500E-03,-1.52763817E+00
+16.99000E-03,-2.03015073E+00
+17.01500E-03,-2.57286429E+00
+17.04000E-03,-3.05527635E+00
+17.06500E-03,-3.45728640E+00
+17.09000E-03,-3.85929644E+00
+17.11500E-03,-4.18090448E+00
+17.14000E-03,-4.50251251E+00
+17.16500E-03,-4.74371854E+00
+17.19000E-03,-4.98492457E+00
+17.21500E-03,-5.16582909E+00
+17.24000E-03,-5.38693462E+00
+17.26500E-03,-5.46733662E+00
+17.29000E-03,-5.62814064E+00
+17.31500E-03,-5.76884416E+00
+17.34000E-03,-5.80904516E+00
+17.36500E-03,-5.86934667E+00
+17.39000E-03,-5.94974868E+00
+17.41500E-03,-5.96984918E+00
+17.44000E-03,-6.03015069E+00
+17.46500E-03,-6.11055270E+00
+17.49000E-03,-6.11055270E+00
+17.51500E-03,-6.11055270E+00
+17.54000E-03,-6.13065320E+00
+17.56500E-03,-6.19095471E+00
+17.59000E-03,-6.19095471E+00
+17.61500E-03,-6.19095471E+00
+17.64000E-03,-6.19095471E+00
+17.66500E-03,-6.19095471E+00
+17.69000E-03,-6.19095471E+00
+17.71500E-03,-6.19095471E+00
+17.74000E-03,-6.19095471E+00
+17.76500E-03,-6.19095471E+00
+17.79000E-03,-6.19095471E+00
+17.81500E-03,-6.19095471E+00
+17.84000E-03,-6.19095471E+00
+17.86500E-03,-6.19095471E+00
+17.89000E-03,-6.19095471E+00
+17.91500E-03,-6.19095471E+00
+17.94000E-03,-6.19095471E+00
+17.96500E-03,-6.19095471E+00
+17.99000E-03,-6.19095471E+00
+18.01500E-03,-6.13065320E+00
+18.04000E-03,-6.19095471E+00
+18.06500E-03,-6.19095471E+00
+18.09000E-03,-6.19095471E+00
+18.11500E-03,-6.19095471E+00
+18.14000E-03,-6.11055270E+00
+18.16500E-03,-6.17085421E+00
+18.19000E-03,-6.13065320E+00
+18.21500E-03,-6.11055270E+00
+18.24000E-03,-6.19095471E+00
+18.26500E-03,-6.19095471E+00
+18.29000E-03,-6.19095471E+00
+18.31500E-03,-6.11055270E+00
+18.34000E-03,-6.11055270E+00
+18.36500E-03,-6.11055270E+00
+18.39000E-03,-6.17085421E+00
+18.41500E-03,-6.13065320E+00
+18.44000E-03,-6.13065320E+00
+18.46500E-03,-6.17085421E+00
+18.49000E-03,-6.13065320E+00
+18.51500E-03,-6.17085421E+00
+18.54000E-03,-6.11055270E+00
+18.56500E-03,-6.17085421E+00
+18.59000E-03,-6.11055270E+00
+18.61500E-03,-6.17085421E+00
+18.64000E-03,-6.17085421E+00
+18.66500E-03,-6.13065320E+00
+18.69000E-03,-6.17085421E+00
+18.71500E-03,-6.13065320E+00
+18.74000E-03,-6.13065320E+00
+18.76500E-03,-6.19095471E+00
+18.79000E-03,-6.11055270E+00
+18.81500E-03,-6.11055270E+00
+18.84000E-03,-6.17085421E+00
+18.86500E-03,-6.11055270E+00
+18.89000E-03,-6.11055270E+00
+18.91500E-03,-6.19095471E+00
+18.94000E-03,-6.19095471E+00
+18.96500E-03,-6.11055270E+00
+18.99000E-03,-6.19095471E+00
+19.01500E-03,-6.11055270E+00
+19.04000E-03,-6.13065320E+00
+19.06500E-03,-6.17085421E+00
+19.09000E-03,-6.11055270E+00
+19.11500E-03,-6.19095471E+00
+19.14000E-03,-6.19095471E+00
+19.16500E-03,-6.11055270E+00
+19.19000E-03,-6.13065320E+00
+19.21500E-03,-6.13065320E+00
+19.24000E-03,-6.19095471E+00
+19.26500E-03,-6.17085421E+00
+19.29000E-03,-6.11055270E+00
+19.31500E-03,-6.11055270E+00
+19.34000E-03,-6.17085421E+00
+19.36500E-03,-6.11055270E+00
+19.39000E-03,-6.11055270E+00
+19.41500E-03,-6.13065320E+00
+19.44000E-03,-6.13065320E+00
+19.46500E-03,-6.17085421E+00
+19.49000E-03,-6.19095471E+00
+19.51500E-03,-6.11055270E+00
+19.54000E-03,-6.13065320E+00
+19.56500E-03,-6.13065320E+00
+19.59000E-03,-6.11055270E+00
+19.61500E-03,-6.13065320E+00
+19.64000E-03,-6.17085421E+00
+19.66500E-03,-6.11055270E+00
+19.69000E-03,-6.13065320E+00
+19.71500E-03,-6.11055270E+00
+19.74000E-03,-6.17085421E+00
+19.76500E-03,-6.17085421E+00
+19.79000E-03,-6.11055270E+00
+19.81500E-03,-6.11055270E+00
+19.84000E-03,-6.13065320E+00
+19.86500E-03,-6.11055270E+00
+19.89000E-03,-6.11055270E+00
+19.91500E-03,-6.19095471E+00
+19.94000E-03,-6.11055270E+00
+19.96500E-03,-6.17085421E+00
+19.99000E-03,-6.11055270E+00
+20.01500E-03,-6.13065320E+00
+20.04000E-03,-6.17085421E+00
+20.06500E-03,-6.17085421E+00
+20.09000E-03,-6.11055270E+00
+20.11500E-03,-6.11055270E+00
+20.14000E-03,-6.17085421E+00
+20.16500E-03,-6.17085421E+00
+20.19000E-03,-6.17085421E+00
+20.21500E-03,-6.11055270E+00
+20.24000E-03,-6.11055270E+00
+20.26500E-03,-6.11055270E+00
+20.29000E-03,-6.13065320E+00
+20.31500E-03,-6.17085421E+00
+20.34000E-03,-6.17085421E+00
+20.36500E-03,-6.19095471E+00
+20.39000E-03,-6.13065320E+00
+20.41500E-03,-6.13065320E+00
+20.44000E-03,-6.11055270E+00
+20.46500E-03,-6.13065320E+00
+20.49000E-03,-6.19095471E+00
+20.51500E-03,-6.17085421E+00
+20.54000E-03,-6.17085421E+00
+20.56500E-03,-6.19095471E+00
+20.59000E-03,-6.13065320E+00
+20.61500E-03,-6.17085421E+00
+20.64000E-03,-6.13065320E+00
+20.66500E-03,-6.11055270E+00
+20.69000E-03,-6.11055270E+00
+20.71500E-03,-6.17085421E+00
+20.74000E-03,-6.11055270E+00
+20.76500E-03,-6.17085421E+00
+20.79000E-03,-6.11055270E+00
+20.81500E-03,-6.13065320E+00
+20.84000E-03,-6.17085421E+00
+20.86500E-03,-6.11055270E+00
+20.89000E-03,-6.13065320E+00
+20.91500E-03,-6.13065320E+00
+20.94000E-03,-6.17085421E+00
+20.96500E-03,-6.11055270E+00
+20.99000E-03,-6.13065320E+00
+21.01500E-03,-6.11055270E+00
+21.04000E-03,-6.17085421E+00
+21.06500E-03,-6.17085421E+00
+21.09000E-03,-6.17085421E+00
+21.11500E-03,-6.11055270E+00
+21.14000E-03,-6.13065320E+00
+21.16500E-03,-6.13065320E+00
+21.19000E-03,-6.19095471E+00
+21.21500E-03,-6.13065320E+00
+21.24000E-03,-6.11055270E+00
+21.26500E-03,-6.17085421E+00
+21.29000E-03,-6.17085421E+00
+21.31500E-03,-6.13065320E+00
+21.34000E-03,-6.19095471E+00
+21.36500E-03,-6.13065320E+00
+21.39000E-03,-6.13065320E+00
+21.41500E-03,-6.11055270E+00
+21.44000E-03,-6.13065320E+00
+21.46500E-03,-6.19095471E+00
+21.49000E-03,-6.11055270E+00
+21.51500E-03,-6.11055270E+00
+21.54000E-03,-6.11055270E+00
+21.56500E-03,-6.17085421E+00
+21.59000E-03,-6.11055270E+00
+21.61500E-03,-6.11055270E+00
+21.64000E-03,-6.11055270E+00
+21.66500E-03,-6.13065320E+00
+21.69000E-03,-6.19095471E+00
+21.71500E-03,-6.11055270E+00
+21.74000E-03,-6.11055270E+00
+21.76500E-03,-6.17085421E+00
+21.79000E-03,-6.13065320E+00
+21.81500E-03,-6.13065320E+00
+21.84000E-03,-6.13065320E+00
+21.86500E-03,-6.13065320E+00
+21.89000E-03,-6.13065320E+00
+21.91500E-03,-6.17085421E+00
+21.94000E-03,-6.11055270E+00
+21.96500E-03,-6.17085421E+00
+21.99000E-03,-6.13065320E+00
+22.01500E-03,-6.11055270E+00
+22.04000E-03,-6.19095471E+00
+22.06500E-03,-6.17085421E+00
+22.09000E-03,-6.17085421E+00
+22.11500E-03,-6.13065320E+00
+22.14000E-03,-6.13065320E+00
+22.16500E-03,-6.17085421E+00
+22.19000E-03,-6.11055270E+00
+22.21500E-03,-6.11055270E+00
+22.24000E-03,-6.11055270E+00
+22.26500E-03,-6.13065320E+00
+22.29000E-03,-6.13065320E+00
+22.31500E-03,-6.13065320E+00
+22.34000E-03,-6.17085421E+00
+22.36500E-03,-6.11055270E+00
+22.39000E-03,-6.17085421E+00
+22.41500E-03,-6.11055270E+00
+22.44000E-03,-6.17085421E+00
+22.46500E-03,-6.11055270E+00
+22.49000E-03,-6.17085421E+00
+22.51500E-03,-6.19095471E+00
+22.54000E-03,-6.11055270E+00
+22.56500E-03,-6.13065320E+00
+22.59000E-03,-6.11055270E+00
+22.61500E-03,-6.19095471E+00
+22.64000E-03,-6.13065320E+00
+22.66500E-03,-6.11055270E+00
+22.69000E-03,-6.17085421E+00
+22.71500E-03,-6.13065320E+00
+22.74000E-03,-6.11055270E+00
+22.76500E-03,-6.19095471E+00
+22.79000E-03,-6.11055270E+00
+22.81500E-03,-6.13065320E+00
+22.84000E-03,-6.11055270E+00
+22.86500E-03,-6.11055270E+00
+22.89000E-03,-6.11055270E+00
+22.91500E-03,-6.11055270E+00
+22.94000E-03,-6.13065320E+00
+22.96500E-03,-6.13065320E+00
+22.99000E-03,-6.13065320E+00
+23.01500E-03,-6.17085421E+00
+23.04000E-03,-6.13065320E+00
+23.06500E-03,-6.13065320E+00
+23.09000E-03,-6.19095471E+00
+23.11500E-03,-6.11055270E+00
+23.14000E-03,-6.11055270E+00
+23.16500E-03,-6.19095471E+00
+23.19000E-03,-6.11055270E+00
+23.21500E-03,-6.11055270E+00
+23.24000E-03,-6.11055270E+00
+23.26500E-03,-6.19095471E+00
+23.29000E-03,-6.17085421E+00
+23.31500E-03,-6.17085421E+00
+23.34000E-03,-6.17085421E+00
+23.36500E-03,-6.11055270E+00
+23.39000E-03,-6.13065320E+00
+23.41500E-03,-6.11055270E+00
+23.44000E-03,-6.11055270E+00
+23.46500E-03,-6.11055270E+00
+23.49000E-03,-6.17085421E+00
+23.51500E-03,-6.11055270E+00
+23.54000E-03,-6.11055270E+00
+23.56500E-03,-6.17085421E+00
+23.59000E-03,-6.19095471E+00
+23.61500E-03,-6.13065320E+00
+23.64000E-03,-6.13065320E+00
+23.66500E-03,-6.11055270E+00
+23.69000E-03,-6.17085421E+00
+23.71500E-03,-6.11055270E+00
+23.74000E-03,-6.19095471E+00
+23.76500E-03,-6.17085421E+00
+23.79000E-03,-6.13065320E+00
+23.81500E-03,-6.11055270E+00
+23.84000E-03,-6.11055270E+00
+23.86500E-03,-6.17085421E+00
+23.89000E-03,-6.13065320E+00
+23.91500E-03,-6.17085421E+00
+23.94000E-03,-6.17085421E+00
+23.96500E-03,-6.13065320E+00
+23.99000E-03,-6.17085421E+00
+24.01500E-03,-6.17085421E+00
+24.04000E-03,-6.11055270E+00
+24.06500E-03,-6.17085421E+00
+24.09000E-03,-6.11055270E+00
+24.11500E-03,-6.19095471E+00
+24.14000E-03,-6.11055270E+00
+24.16500E-03,-6.13065320E+00
+24.19000E-03,-6.11055270E+00
+24.21500E-03,-6.19095471E+00
+24.24000E-03,-6.19095471E+00
+24.26500E-03,-6.11055270E+00
+24.29000E-03,-6.19095471E+00
+24.31500E-03,-6.19095471E+00
+24.34000E-03,-6.17085421E+00
+24.36500E-03,-6.17085421E+00
+24.39000E-03,-6.11055270E+00
+24.41500E-03,-6.11055270E+00
+24.44000E-03,-6.11055270E+00
+24.46500E-03,-6.19095471E+00
+24.49000E-03,-6.13065320E+00
+24.51500E-03,-6.13065320E+00
+24.54000E-03,-6.11055270E+00
+24.56500E-03,-6.13065320E+00
+24.59000E-03,-6.19095471E+00
+24.61500E-03,-6.17085421E+00
+24.64000E-03,-6.11055270E+00
+24.66500E-03,-6.11055270E+00
+24.69000E-03,-6.11055270E+00
+24.71500E-03,-6.13065320E+00
+24.74000E-03,-6.11055270E+00
+24.76500E-03,-6.13065320E+00
+24.79000E-03,-6.13065320E+00
+24.81500E-03,-6.19095471E+00
+24.84000E-03,-6.19095471E+00
+24.86500E-03,-6.11055270E+00
+24.89000E-03,-6.13065320E+00
+24.91500E-03,-6.19095471E+00
+24.94000E-03,-6.17085421E+00
+24.96500E-03,-6.11055270E+00
+24.99000E-03,-6.13065320E+00
+25.01500E-03,-6.13065320E+00
+25.04000E-03,-6.11055270E+00
+25.06500E-03,-6.19095471E+00
+25.09000E-03,-6.13065320E+00
+25.11500E-03,-6.11055270E+00
+25.14000E-03,-6.11055270E+00
+25.16500E-03,-6.17085421E+00
+25.19000E-03,-6.11055270E+00
+25.21500E-03,-6.17085421E+00
+25.24000E-03,-6.11055270E+00
+25.26500E-03,-6.11055270E+00
+25.29000E-03,-6.13065320E+00
+25.31500E-03,-6.19095471E+00
+25.34000E-03,-6.19095471E+00
+25.36500E-03,-6.17085421E+00
+25.39000E-03,-6.19095471E+00
+25.41500E-03,-6.17085421E+00
+25.44000E-03,-6.13065320E+00
+25.46500E-03,-6.11055270E+00
+25.49000E-03,-6.11055270E+00
+25.51500E-03,-6.19095471E+00
+25.54000E-03,-6.13065320E+00
+25.56500E-03,-6.13065320E+00
+25.59000E-03,-6.11055270E+00
+25.61500E-03,-6.11055270E+00
+25.64000E-03,-6.19095471E+00
+25.66500E-03,-6.17085421E+00
+25.69000E-03,-6.11055270E+00
+25.71500E-03,-6.11055270E+00
+25.74000E-03,-6.19095471E+00
+25.76500E-03,-6.13065320E+00
+25.79000E-03,-6.11055270E+00
+25.81500E-03,-6.13065320E+00
+25.84000E-03,-6.19095471E+00
+25.86500E-03,-6.13065320E+00
+25.89000E-03,-6.13065320E+00
+25.91500E-03,-6.19095471E+00
+25.94000E-03,-6.19095471E+00
+25.96500E-03,-6.11055270E+00
+25.99000E-03,-6.11055270E+00
+26.01500E-03,-6.13065320E+00
+26.04000E-03,-6.13065320E+00
+26.06500E-03,-6.11055270E+00
+26.09000E-03,-6.17085421E+00
+26.11500E-03,-6.11055270E+00
+26.14000E-03,-6.13065320E+00
+26.16500E-03,-6.13065320E+00
+26.19000E-03,-6.13065320E+00
+26.21500E-03,-6.11055270E+00
+26.24000E-03,-6.17085421E+00
+26.26500E-03,-6.11055270E+00
+26.29000E-03,-6.11055270E+00
+26.31500E-03,-6.11055270E+00
+26.34000E-03,-6.11055270E+00
+26.36500E-03,-6.17085421E+00
+26.39000E-03,-6.13065320E+00
+26.41500E-03,-6.19095471E+00
+26.44000E-03,-6.19095471E+00
+26.46500E-03,-6.17085421E+00
+26.49000E-03,-6.17085421E+00
+26.51500E-03,-6.17085421E+00
+26.54000E-03,-6.11055270E+00
+26.56500E-03,-6.17085421E+00
+26.59000E-03,-6.17085421E+00
+26.61500E-03,-6.13065320E+00
+26.64000E-03,-6.17085421E+00
+26.66500E-03,-6.11055270E+00
+26.69000E-03,-6.13065320E+00
+26.71500E-03,-6.17085421E+00
+26.74000E-03,-6.13065320E+00
+26.76500E-03,-6.17085421E+00
+26.79000E-03,-6.13065320E+00
+26.81500E-03,-6.13065320E+00
+26.84000E-03,-6.11055270E+00
+26.86500E-03,-6.13065320E+00
+26.89000E-03,-6.11055270E+00
+26.91500E-03,-6.13065320E+00
+26.94000E-03,-6.19095471E+00
+26.96500E-03,-6.13065320E+00
+26.99000E-03,-6.11055270E+00
+27.01500E-03,-6.11055270E+00
+27.04000E-03,-6.11055270E+00
+27.06500E-03,-6.13065320E+00
+27.09000E-03,-6.11055270E+00
+27.11500E-03,-6.11055270E+00
+27.14000E-03,-6.11055270E+00
+27.16500E-03,-6.17085421E+00
+27.19000E-03,-6.17085421E+00
+27.21500E-03,-6.17085421E+00
+27.24000E-03,-6.17085421E+00
+27.26500E-03,-6.19095471E+00
+27.29000E-03,-6.19095471E+00
+27.31500E-03,-6.11055270E+00
+27.34000E-03,-6.17085421E+00
+27.36500E-03,-6.13065320E+00
+27.39000E-03,-6.19095471E+00
+27.41500E-03,-6.19095471E+00
+27.44000E-03,-6.11055270E+00
+27.46500E-03,-6.11055270E+00
+27.49000E-03,-6.11055270E+00
+27.51500E-03,-6.13065320E+00
+27.54000E-03,-6.13065320E+00
+27.56500E-03,-6.17085421E+00
+27.59000E-03,-6.13065320E+00
+27.61500E-03,-6.11055270E+00
+27.64000E-03,-6.17085421E+00
+27.66500E-03,-6.11055270E+00
+27.69000E-03,-6.11055270E+00
+27.71500E-03,-6.11055270E+00
+27.74000E-03,-6.11055270E+00
+27.76500E-03,-6.11055270E+00
+27.79000E-03,-6.17085421E+00
+27.81500E-03,-6.13065320E+00
+27.84000E-03,-6.17085421E+00
+27.86500E-03,-6.19095471E+00
+27.89000E-03,-6.13065320E+00
+27.91500E-03,-6.19095471E+00
+27.94000E-03,-6.13065320E+00
+27.96500E-03,-6.11055270E+00
+27.99000E-03,-6.13065320E+00
+28.01500E-03,-6.19095471E+00
+28.04000E-03,-6.11055270E+00
+28.06500E-03,-6.17085421E+00
+28.09000E-03,-6.11055270E+00
+28.11500E-03,-6.11055270E+00
+28.14000E-03,-6.17085421E+00
+28.16500E-03,-6.17085421E+00
+28.19000E-03,-6.17085421E+00
+28.21500E-03,-6.13065320E+00
+28.24000E-03,-6.19095471E+00
+28.26500E-03,-6.11055270E+00
+28.29000E-03,-6.11055270E+00
+28.31500E-03,-6.11055270E+00
+28.34000E-03,-6.13065320E+00
+28.36500E-03,-6.11055270E+00
+28.39000E-03,-6.11055270E+00
+28.41500E-03,-6.17085421E+00
+28.44000E-03,-6.13065320E+00
+28.46500E-03,-6.17085421E+00
+28.49000E-03,-6.17085421E+00
+28.51500E-03,-6.17085421E+00
+28.54000E-03,-6.11055270E+00
+28.56500E-03,-6.11055270E+00
+28.59000E-03,-6.17085421E+00
+28.61500E-03,-6.13065320E+00
+28.64000E-03,-6.19095471E+00
+28.66500E-03,-6.17085421E+00
+28.69000E-03,-6.17085421E+00
+28.71500E-03,-6.19095471E+00
+28.74000E-03,-6.11055270E+00
+28.76500E-03,-6.11055270E+00
+28.79000E-03,-6.13065320E+00
+28.81500E-03,-6.17085421E+00
+28.84000E-03,-6.11055270E+00
+28.86500E-03,-6.11055270E+00
+28.89000E-03,-6.11055270E+00
+28.91500E-03,-6.13065320E+00
+28.94000E-03,-6.11055270E+00
+28.96500E-03,-6.11055270E+00
+28.99000E-03,-6.11055270E+00
+29.01500E-03,-6.13065320E+00
+29.04000E-03,-6.11055270E+00
+29.06500E-03,-6.11055270E+00
+29.09000E-03,-6.11055270E+00
+29.11500E-03,-6.17085421E+00
+29.14000E-03,-6.11055270E+00
+29.16500E-03,-6.19095471E+00
+29.19000E-03,-6.13065320E+00
+29.21500E-03,-6.17085421E+00
+29.24000E-03,-6.19095471E+00
+29.26500E-03,-6.13065320E+00
+29.29000E-03,-6.13065320E+00
+29.31500E-03,-6.11055270E+00
+29.34000E-03,-6.13065320E+00
+29.36500E-03,-6.11055270E+00
+29.39000E-03,-6.17085421E+00
+29.41500E-03,-6.11055270E+00
+29.44000E-03,-6.11055270E+00
+29.46500E-03,-6.11055270E+00
+29.49000E-03,-6.13065320E+00
+29.51500E-03,-6.19095471E+00
+29.54000E-03,-6.11055270E+00
+29.56500E-03,-6.19095471E+00
+29.59000E-03,-6.11055270E+00
+29.61500E-03,-6.19095471E+00
+29.64000E-03,-6.11055270E+00
+29.66500E-03,-6.17085421E+00
+29.69000E-03,-6.11055270E+00
+29.71500E-03,-6.19095471E+00
+29.74000E-03,-6.11055270E+00
+29.76500E-03,-6.17085421E+00
+29.79000E-03,-6.11055270E+00
+29.81500E-03,-6.17085421E+00
+29.84000E-03,-6.11055270E+00
+29.86500E-03,-6.13065320E+00
+29.89000E-03,-6.13065320E+00
+29.91500E-03,-6.19095471E+00
+29.94000E-03,-6.17085421E+00
+29.96500E-03,-6.17085421E+00
+29.99000E-03,-6.17085421E+00
+30.01500E-03,-6.17085421E+00
+30.04000E-03,-6.11055270E+00
+30.06500E-03,-6.11055270E+00
+30.09000E-03,-6.19095471E+00
+30.11500E-03,-6.11055270E+00
+30.14000E-03,-6.11055270E+00
+30.16500E-03,-6.17085421E+00
+30.19000E-03,-6.17085421E+00
+30.21500E-03,-6.11055270E+00
+30.24000E-03,-6.13065320E+00
+30.26500E-03,-6.17085421E+00
+30.29000E-03,-6.17085421E+00
+30.31500E-03,-6.11055270E+00
+30.34000E-03,-6.11055270E+00
+30.36500E-03,-6.17085421E+00
+30.39000E-03,-6.13065320E+00
+30.41500E-03,-6.13065320E+00
+30.44000E-03,-6.11055270E+00
+30.46500E-03,-6.11055270E+00
+30.49000E-03,-6.13065320E+00
+30.51500E-03,-6.13065320E+00
+30.54000E-03,-6.19095471E+00
+30.56500E-03,-6.13065320E+00
+30.59000E-03,-6.17085421E+00
+30.61500E-03,-6.19095471E+00
+30.64000E-03,-6.11055270E+00
+30.66500E-03,-6.17085421E+00
+30.69000E-03,-6.19095471E+00
+30.71500E-03,-6.11055270E+00
+30.74000E-03,-6.17085421E+00
+30.76500E-03,-6.11055270E+00
+30.79000E-03,-6.19095471E+00
+30.81500E-03,-6.19095471E+00
+30.84000E-03,-6.17085421E+00
+30.86500E-03,-6.17085421E+00
+30.89000E-03,-6.17085421E+00
+30.91500E-03,-6.11055270E+00
+30.94000E-03,-6.11055270E+00
+30.96500E-03,-6.19095471E+00
+30.99000E-03,-6.11055270E+00
+31.01500E-03,-6.13065320E+00
+31.04000E-03,-6.17085421E+00
+31.06500E-03,-6.11055270E+00
+31.09000E-03,-6.13065320E+00
+31.11500E-03,-6.13065320E+00
+31.14000E-03,-6.11055270E+00
+31.16500E-03,-6.13065320E+00
+31.19000E-03,-6.11055270E+00
+31.21500E-03,-6.19095471E+00
+31.24000E-03,-6.13065320E+00
+31.26500E-03,-6.17085421E+00
+31.29000E-03,-6.17085421E+00
+31.31500E-03,-6.13065320E+00
+31.34000E-03,-6.11055270E+00
+31.36500E-03,-6.17085421E+00
+31.39000E-03,-6.19095471E+00
+31.41500E-03,-6.11055270E+00
+31.44000E-03,-6.17085421E+00
+31.46500E-03,-6.13065320E+00
+31.49000E-03,-6.11055270E+00
+31.51500E-03,-6.13065320E+00
+31.54000E-03,-6.13065320E+00
+31.56500E-03,-6.11055270E+00
+31.59000E-03,-6.11055270E+00
+31.61500E-03,-6.11055270E+00
+31.64000E-03,-6.19095471E+00
+31.66500E-03,-6.11055270E+00
+31.69000E-03,-6.13065320E+00
+31.71500E-03,-6.17085421E+00
+31.74000E-03,-6.11055270E+00
+31.76500E-03,-6.11055270E+00
+31.79000E-03,-6.17085421E+00
+31.81500E-03,-6.19095471E+00
+31.84000E-03,-6.11055270E+00
+31.86500E-03,-6.11055270E+00
+31.89000E-03,-6.11055270E+00
+31.91500E-03,-6.11055270E+00
+31.94000E-03,-6.17085421E+00
+31.96500E-03,-6.13065320E+00
+31.99000E-03,-6.11055270E+00
+32.01500E-03,-6.11055270E+00
+32.04000E-03,-6.17085421E+00
+32.06500E-03,-6.11055270E+00
+32.09000E-03,-6.17085421E+00
+32.11500E-03,-6.17085421E+00
+32.14000E-03,-6.13065320E+00
+32.16500E-03,-6.17085421E+00
+32.19000E-03,-6.11055270E+00
+32.21500E-03,-6.11055270E+00
+32.24000E-03,-6.17085421E+00
+32.26500E-03,-6.13065320E+00
+32.29000E-03,-6.13065320E+00
+32.31500E-03,-6.17085421E+00
